run_label,query_index,tenant_id,query,reference_answer,audit_target,raw_ndcg,target_ndcg,credited_rank,credited_memory_id,credited_kind,credited_content,credited_query_view_text,credited_source,raw_support_rank,raw_support_memory_id,raw_support_content,expected_fixture_indexes,candidate_answers
longmemeval_lexical,1,longmemeval_e47becba,What degree did I graduate with?,Business Administration,source_family,0.0,0.6131471927654584,1,mem_8f3c187d7a434961,observation,"I graduated with a degree in Business Administration, which has definitely helped me in my new role",,eval_row_530:run_1773422985613_5516_29f69dfa:parser,,,,"[530, 531]","[""I graduated with a degree in Business Administration, which has definitely helped me in"", ""Explain bitcoin like I'm 10"", ""I think I'll go with \""The Shawshank Redemption\"" on Amazon Prime"", ""I've been using a planner, but I think I need something more digital"", ""I think I'll definitely invest in a binder with clear plastic sleeves to store"", ""I think I'll go with Pinot Grigio and Chianti, they seem like safe choices""]"
longmemeval_lexical,1,longmemeval_e47becba,What degree did I graduate with?,Business Administration,canonical,0.0,1.0,1,mem_8f3c187d7a434961,observation,"I graduated with a degree in Business Administration, which has definitely helped me in my new role",,eval_row_530:run_1773422985613_5516_29f69dfa:parser,,,,"[530, 531]","[""I graduated with a degree in Business Administration, which has definitely helped me in"", ""Explain bitcoin like I'm 10"", ""I think I'll go with \""The Shawshank Redemption\"" on Amazon Prime"", ""I've been using a planner, but I think I need something more digital"", ""I think I'll definitely invest in a binder with clear plastic sleeves to store"", ""I think I'll go with Pinot Grigio and Chianti, they seem like safe choices""]"
longmemeval_lexical,2,longmemeval_118b2229,How long is my daily commute to work?,45 minutes each way,source_family,0.0,1.0,1,mem_e981b9033b7bec30,observation,"I've been listening to audiobooks during my daily commute, which takes 45 minutes each way.",what did user read,eval_row_638:run_1773422985613_5516_29f69dfa:parser,,,,[638],"[""I've been listening to audiobooks during my daily commute, which takes 45 minutes each"", ""Ask yourself questions like \""What did I learn from this video?\"" \""How can I"", ""I've been using Lightroom for my edits, and I really like it"", ""I was using my new wide-angle lens, and I was experimenting with different angles"", ""I've been thinking about getting a humidifier for my bedroom, where my Aloe Vera"", ""Financial Management and Decision Making Assignment #5 (due by the end of Friday, March""]"
longmemeval_lexical,2,longmemeval_118b2229,How long is my daily commute to work?,45 minutes each way,canonical,0.0,1.0,1,mem_e981b9033b7bec30,observation,"I've been listening to audiobooks during my daily commute, which takes 45 minutes each way.",what did user read,eval_row_638:run_1773422985613_5516_29f69dfa:parser,,,,[638],"[""I've been listening to audiobooks during my daily commute, which takes 45 minutes each"", ""Ask yourself questions like \""What did I learn from this video?\"" \""How can I"", ""I've been using Lightroom for my edits, and I really like it"", ""I was using my new wide-angle lens, and I was experimenting with different angles"", ""I've been thinking about getting a humidifier for my bedroom, where my Aloe Vera"", ""Financial Management and Decision Making Assignment #5 (due by the end of Friday, March""]"
longmemeval_lexical,4,longmemeval_58bf7951,What play did I attend at the local community theater?,The Glass Menagerie,source_family,0.0,0.43067655807339306,4,mem_79c42ff7288104bc,observation,"The play I attended was actually a production of The Glass Menagerie, have you heard of it","when did The was actually a production of The Glass Menagerie
what event did The attend was actually a production of The Glass Menagerie",eval_row_1887:run_1773422985613_5516_29f69dfa:parser,,,,[1887],"[""By the way, I recently went to a play at the local community theater"", ""If you'd like to discuss more about the play, the community theater, or Emily's"", ""Perhaps you could encourage Emily to audition for a role at the community theater"", ""Community theaters are wonderful platforms for local artists to showcase their skills, and it's"", ""The play I attended was actually a production of The Glass Menagerie, have you"", ""Half Moon Bay Coffee Company is a local favorite, and I'm sure you'll enjoy""]"
longmemeval_lexical,4,longmemeval_58bf7951,What play did I attend at the local community theater?,The Glass Menagerie,canonical,0.0,0.43067655807339306,4,mem_79c42ff7288104bc,observation,"The play I attended was actually a production of The Glass Menagerie, have you heard of it","when did The was actually a production of The Glass Menagerie
what event did The attend was actually a production of The Glass Menagerie",eval_row_1887:run_1773422985613_5516_29f69dfa:parser,,,,[1887],"[""By the way, I recently went to a play at the local community theater"", ""If you'd like to discuss more about the play, the community theater, or Emily's"", ""Perhaps you could encourage Emily to audition for a role at the community theater"", ""Community theaters are wonderful platforms for local artists to showcase their skills, and it's"", ""The play I attended was actually a production of The Glass Menagerie, have you"", ""Half Moon Bay Coffee Company is a local favorite, and I'm sure you'll enjoy""]"
longmemeval_lexical,20,longmemeval_dccbc061,What was my previous stance on spirituality?,A staunch atheist,source_family,0.0,1.0,1,mem_8bc5014aaf03c140,observation,I'm trying to find some books on synchronicity and its connection to spirituality,what did user read,eval_row_9812:run_1773422985613_5516_29f69dfa:parser,,,,[9812],"[""For example, if the previous word was \""CAT,\"" you could say \""TIGER"", ""I'm trying to find some books on synchronicity and its connection to spirituality"", ""**Word Chain**: A game where you take turns saying a word that starts with"", ""While synchronicity is often associated with spirituality and mysticism, researchers from various fields have"", ""**Use the 'On This Day' feature:** Day One's \""On This Day\"" feature allows you"", ""I'd like to add my road bike to the list""]"
longmemeval_lexical,20,longmemeval_dccbc061,What was my previous stance on spirituality?,A staunch atheist,canonical,0.0,1.0,1,mem_8bc5014aaf03c140,observation,I'm trying to find some books on synchronicity and its connection to spirituality,what did user read,eval_row_9812:run_1773422985613_5516_29f69dfa:parser,,,,[9812],"[""For example, if the previous word was \""CAT,\"" you could say \""TIGER"", ""I'm trying to find some books on synchronicity and its connection to spirituality"", ""**Word Chain**: A game where you take turns saying a word that starts with"", ""While synchronicity is often associated with spirituality and mysticism, researchers from various fields have"", ""**Use the 'On This Day' feature:** Day One's \""On This Day\"" feature allows you"", ""I'd like to add my road bike to the list""]"
longmemeval_lexical,27,longmemeval_0862e8bf,What is the name of my cat?,Luna,source_family,0.0,1.0,1,mem_976cb58b2e7f50a4,observation,"By the way, my cat's name is Luna, and she's been such a sweetie throughout all the changes we've been making to her environment",,eval_row_13338:run_1773422985613_5516_29f69dfa:parser,,,,[13338],"[""By the way, my cat's name is Luna, and she's been such a sweetie"", ""I've actually already started giving my cat a probiotic supplement, and it seems to"", ""I'm having some issues with my cat's digestive health and I was wondering if"", ""And"", ""The name of the resort you're interested in"", ""His name was Thunderhoof, and he was a mighty centaur warrior""]"
longmemeval_lexical,27,longmemeval_0862e8bf,What is the name of my cat?,Luna,canonical,0.0,1.0,1,mem_976cb58b2e7f50a4,observation,"By the way, my cat's name is Luna, and she's been such a sweetie throughout all the changes we've been making to her environment",,eval_row_13338:run_1773422985613_5516_29f69dfa:parser,,,,[13338],"[""By the way, my cat's name is Luna, and she's been such a sweetie"", ""I've actually already started giving my cat a probiotic supplement, and it seems to"", ""I'm having some issues with my cat's digestive health and I was wondering if"", ""And"", ""The name of the resort you're interested in"", ""His name was Thunderhoof, and he was a mighty centaur warrior""]"
longmemeval_lexical,33,longmemeval_25e5aa4f,Where did I complete my Bachelor's degree in Computer Science?,"University of California, Los Angeles (UCLA)",source_family,0.0,0.26264953503719357,13,mem_29908d1eff072554,observation,"Also, by the way, I completed my undergrad in CS from UCLA, which has a great reputation in the industry",,eval_row_16474:run_1773422985613_5516_29f69dfa:parser,,,,[16474],"[""Ideally, choose professors who taught you in courses related to data science or computer"", ""I'm interested in the Coursera - Data Science Specialization course"", ""I'm interested in learning more about data science and analytics"", ""My undergraduate thesis, which focused on [briefly mention your thesis topic], further solidified my"", ""I'm interested in learning more about the capstone project in the Advanced Data Science"", ""I'm considering using a natural-colored linen for my sundress""]"
longmemeval_lexical,33,longmemeval_25e5aa4f,Where did I complete my Bachelor's degree in Computer Science?,"University of California, Los Angeles (UCLA)",canonical,0.0,0.26264953503719357,13,mem_29908d1eff072554,observation,"Also, by the way, I completed my undergrad in CS from UCLA, which has a great reputation in the industry",,eval_row_16474:run_1773422985613_5516_29f69dfa:parser,,,,[16474],"[""Ideally, choose professors who taught you in courses related to data science or computer"", ""I'm interested in the Coursera - Data Science Specialization course"", ""I'm interested in learning more about data science and analytics"", ""My undergraduate thesis, which focused on [briefly mention your thesis topic], further solidified my"", ""I'm interested in learning more about the capstone project in the Advanced Data Science"", ""I'm considering using a natural-colored linen for my sundress""]"
longmemeval_lexical,36,longmemeval_60d45044,What type of rice is my favorite?,Japanese short-grain rice,source_family,0.0,1.0,1,mem_ae90ecded1ca0636,observation,I was thinking of making some Japanese-style dishes with my favorite Japanese short-grain rice,"what does user like
what does user prefer
what does user enjoy I was thinking of making some Japanese-style dishes with my favorite Japanese short-grain rice",eval_row_17864:run_1773422985613_5516_29f69dfa:parser,,,,[17864],"[""I was thinking of making some Japanese-style dishes with my favorite Japanese short-grain rice"", ""Short-grain rice is perfect for Japanese-style dishes"", ""Serve with steamed short-grain rice and stir-fried vegetables"", ""Serve with steamed short-grain rice and a sprinkle of salt"", ""I'm thinking of getting her a cookbook by her favorite chef"", ""Serve with steamed short-grain rice and a drizzle of soy sauce""]"
longmemeval_lexical,36,longmemeval_60d45044,What type of rice is my favorite?,Japanese short-grain rice,canonical,0.0,1.0,1,mem_ae90ecded1ca0636,observation,I was thinking of making some Japanese-style dishes with my favorite Japanese short-grain rice,"what does user like
what does user prefer
what does user enjoy I was thinking of making some Japanese-style dishes with my favorite Japanese short-grain rice",eval_row_17864:run_1773422985613_5516_29f69dfa:parser,,,,[17864],"[""I was thinking of making some Japanese-style dishes with my favorite Japanese short-grain rice"", ""Short-grain rice is perfect for Japanese-style dishes"", ""Serve with steamed short-grain rice and stir-fried vegetables"", ""Serve with steamed short-grain rice and a sprinkle of salt"", ""I'm thinking of getting her a cookbook by her favorite chef"", ""Serve with steamed short-grain rice and a drizzle of soy sauce""]"
longmemeval_lexical,41,longmemeval_15745da0,How long have I been collecting vintage cameras?,three months,source_family,0.0,1.0,1,mem_c0edc3edea5ba3df,observation,"I've been collecting vintage cameras for three months now, and I've already amassed a pretty impressive collection",what did user read,eval_row_20089:run_1773422985613_5516_29f69dfa:parser,,,,[20089],"[""I've been collecting vintage cameras for three months now, and I've already amassed a"", ""I've been collecting rocks and stones from my hikes to use as reference points"", ""I'm also curious about the best way to display my cameras"", ""I've been experimenting with different clays, but I still get some bumps and imperfections"", ""I've been to some local meetups and events, but this was my first solo"", ""I've also been wondering, what's the best type of meat to use for bulgogi""]"
longmemeval_lexical,41,longmemeval_15745da0,How long have I been collecting vintage cameras?,three months,canonical,0.0,1.0,1,mem_c0edc3edea5ba3df,observation,"I've been collecting vintage cameras for three months now, and I've already amassed a pretty impressive collection",what did user read,eval_row_20089:run_1773422985613_5516_29f69dfa:parser,,,,[20089],"[""I've been collecting vintage cameras for three months now, and I've already amassed a"", ""I've been collecting rocks and stones from my hikes to use as reference points"", ""I'm also curious about the best way to display my cameras"", ""I've been experimenting with different clays, but I still get some bumps and imperfections"", ""I've been to some local meetups and events, but this was my first solo"", ""I've also been wondering, what's the best type of meat to use for bulgogi""]"
longmemeval_lexical,43,longmemeval_bc8a6e93,What did I bake for my niece's birthday party?,a lemon blueberry cake,source_family,0.0,1.0,1,mem_13ce918da2a540db,observation,I've actually had a lot of success with lemon-based desserts in the past - I recently made a lemon blueberry cake for my niece's birthday party and it was a huge hit,,eval_row_21355:run_1773422985613_5516_29f69dfa:parser,,,,[21355],"[""I've actually had a lot of success with lemon-based desserts in the past -"", ""I really struggle with finding a balance between my own needs and my partner's"", ""I've been thinking of a backyard BBQ party to break in the new place"", ""- marcus wareing: chef patron of the two michelin-starred marcus at the berkeley -"", ""I'm looking for some new games to play on my PS5"", ""I've been really enjoying my classes and have even started practicing at home""]"
longmemeval_lexical,43,longmemeval_bc8a6e93,What did I bake for my niece's birthday party?,a lemon blueberry cake,canonical,0.0,1.0,1,mem_13ce918da2a540db,observation,I've actually had a lot of success with lemon-based desserts in the past - I recently made a lemon blueberry cake for my niece's birthday party and it was a huge hit,,eval_row_21355:run_1773422985613_5516_29f69dfa:parser,,,,[21355],"[""I've actually had a lot of success with lemon-based desserts in the past -"", ""I really struggle with finding a balance between my own needs and my partner's"", ""I've been thinking of a backyard BBQ party to break in the new place"", ""- marcus wareing: chef patron of the two michelin-starred marcus at the berkeley -"", ""I'm looking for some new games to play on my PS5"", ""I've been really enjoying my classes and have even started practicing at home""]"
longmemeval_lexical,47,longmemeval_19b5f2b3,How long was I in Japan for?,two weeks,source_family,0.0,1.0,1,mem_6200fa4e95a65624,observation,I actually visited Fushimi Inari Shrine when I was in Japan a few months ago,"where does user live
where did user go Fushimi Inari Shrine when I was in Japan a few months ago",eval_row_23429:run_1773422985613_5516_29f69dfa:parser,,,,[23429],"[""I actually visited Fushimi Inari Shrine when I was in Japan a few months"", ""I stayed in small hostels and guesthouses during my solo trip to Japan, and"", ""I think I'm leaning towards warm white light"", ""I've had some issues with fuzzy audio in the past"", ""I hope this helps you find a comfortable and affordable place to stay in"", ""I think I'll start with McFarland, USA since I love true underdog stories""]"
longmemeval_lexical,47,longmemeval_19b5f2b3,How long was I in Japan for?,two weeks,canonical,0.0,1.0,1,mem_6200fa4e95a65624,observation,I actually visited Fushimi Inari Shrine when I was in Japan a few months ago,"where does user live
where did user go Fushimi Inari Shrine when I was in Japan a few months ago",eval_row_23429:run_1773422985613_5516_29f69dfa:parser,,,,[23429],"[""I actually visited Fushimi Inari Shrine when I was in Japan a few months"", ""I stayed in small hostels and guesthouses during my solo trip to Japan, and"", ""I think I'm leaning towards warm white light"", ""I've had some issues with fuzzy audio in the past"", ""I hope this helps you find a comfortable and affordable place to stay in"", ""I think I'll start with McFarland, USA since I love true underdog stories""]"
longmemeval_lexical,50,longmemeval_8a137a7f,What type of bulb did I replace in my bedside lamp?,Philips LED bulb,source_family,0.0,0.38685280723454163,5,mem_0630374bdf5cace9,observation,I think I'll try placing a floor lamp behind the sofa,what does user believe,eval_row_24593:run_1773422985613_5516_29f69dfa:parser,,,,[24593],"[""I've been using a Philips LED bulb in my bedside lamp, and I really"", ""For a floor lamp with a warm tone that will complement your Philips LED"", ""I'm also looking for a mechanic to replace my brake pads"", ""Some specific floor lamp models that might work well with your Philips LED bulb"", ""** Crate & Barrel's Flynn Floor Lamp**: This lamp has a wooden body with"", ""You may also want to consider factors like the lamp's height, base size, and""]"
longmemeval_lexical,50,longmemeval_8a137a7f,What type of bulb did I replace in my bedside lamp?,Philips LED bulb,canonical,0.0,0.38685280723454163,5,mem_0630374bdf5cace9,observation,I think I'll try placing a floor lamp behind the sofa,what does user believe,eval_row_24593:run_1773422985613_5516_29f69dfa:parser,,,,[24593],"[""I've been using a Philips LED bulb in my bedside lamp, and I really"", ""For a floor lamp with a warm tone that will complement your Philips LED"", ""I'm also looking for a mechanic to replace my brake pads"", ""Some specific floor lamp models that might work well with your Philips LED bulb"", ""** Crate & Barrel's Flynn Floor Lamp**: This lamp has a wooden body with"", ""You may also want to consider factors like the lamp's height, base size, and""]"
longmemeval_lexical,52,longmemeval_86f00804,What book am I currently reading?,The Seven Husbands of Evelyn Hugo,source_family,0.0,0.2559580248098155,14,mem_db79c257cd93b678,observation,I'm trying to figure out how to fit more reading time into my daily routine,what did user read,eval_row_25621:run_1773422985613_5516_29f69dfa:parser,,,,[25621],"[""I like the idea of a memory book or scrapbook"", ""I love the idea of making reading a habit loop"", ""I'm glad to hear that your reading day was rejuvenating"", ""I'm trying to figure out how to fit more reading time into my daily"", ""I'm actually curious about tracking my reading speed and comprehension, so maybe BookNerd will"", ""I'm also interested in exploring AI applications in healthcare, as I have a younger""]"
longmemeval_lexical,52,longmemeval_86f00804,What book am I currently reading?,The Seven Husbands of Evelyn Hugo,canonical,0.0,0.2559580248098155,14,mem_db79c257cd93b678,observation,I'm trying to figure out how to fit more reading time into my daily routine,what did user read,eval_row_25621:run_1773422985613_5516_29f69dfa:parser,,,,[25621],"[""I like the idea of a memory book or scrapbook"", ""I love the idea of making reading a habit loop"", ""I'm glad to hear that your reading day was rejuvenating"", ""I'm trying to figure out how to fit more reading time into my daily"", ""I'm actually curious about tracking my reading speed and comprehension, so maybe BookNerd will"", ""I'm also interested in exploring AI applications in healthcare, as I have a younger""]"
longmemeval_lexical,56,longmemeval_4100d0a0,What is my ethnicity?,A mix of Irish and Italian,source_family,0.0,1.0,1,mem_c3712d37bc4a2350,observation,"By the way, I've been thinking about my family tree and cultural heritage a lot lately, and it's interesting to consider how my mixed ethnicity - Irish and Italian - has shaped my upbringing","what does By enjoy way, I've been thinking about my family tree and cultural heritage a lot lately",eval_row_27993:run_1773422985613_5516_29f69dfa:parser,,,,[27993],"[""By the way, I've been thinking about my family tree and cultural heritage a"", ""Embracing your mixed ethnicity can also broaden your perspective and help you connect with"", ""Keep exploring, learning, and celebrating your mixed ethnicity – it's a unique gift that"", ""My name is Nikki"", ""Your mixed ethnicity is a unique aspect of your identity, and it's great that"", ""I think my cat is fine with the new scoop and bags""]"
longmemeval_lexical,56,longmemeval_4100d0a0,What is my ethnicity?,A mix of Irish and Italian,canonical,0.0,1.0,1,mem_c3712d37bc4a2350,observation,"By the way, I've been thinking about my family tree and cultural heritage a lot lately, and it's interesting to consider how my mixed ethnicity - Irish and Italian - has shaped my upbringing","what does By enjoy way, I've been thinking about my family tree and cultural heritage a lot lately",eval_row_27993:run_1773422985613_5516_29f69dfa:parser,,,,[27993],"[""By the way, I've been thinking about my family tree and cultural heritage a"", ""Embracing your mixed ethnicity can also broaden your perspective and help you connect with"", ""Keep exploring, learning, and celebrating your mixed ethnicity – it's a unique gift that"", ""My name is Nikki"", ""Your mixed ethnicity is a unique aspect of your identity, and it's great that"", ""I think my cat is fine with the new scoop and bags""]"
longmemeval_lexical,73,longmemeval_gpt4_f2262a51,How many different doctors did I visit?,"I visited three different doctors: a primary care physician, an ENT specialist, and a dermatologist.",source_family,0.0,0.12823769240447033,31,mem_e7937627607beaf4,observation,"I was thinking, could you help me find some information on how to manage chronic sinusitis",,eval_row_36080:run_1773422985613_5516_29f69dfa:parser,,,,"[36040, 36076, 36080, 36172, 36176]","[""Springfield is a generic name used in many different contexts, including TV shows, movies,"", ""I think practicing with different partners is really helpful"", ""Palm Springs is known for its warm, sunny weather year-round, but March is a"", ""I'm glad to hear it performed well on your Yosemite trip"", ""Good luck with your search, and I hope you find the perfect kit for"", ""I hope this information helps you in your search for the perfect camera backpack!""]"
longmemeval_lexical,73,longmemeval_gpt4_f2262a51,How many different doctors did I visit?,"I visited three different doctors: a primary care physician, an ENT specialist, and a dermatologist.",canonical,0.0,0.17743597268765243,31,mem_e7937627607beaf4,observation,"I was thinking, could you help me find some information on how to manage chronic sinusitis",,eval_row_36080:run_1773422985613_5516_29f69dfa:parser,,,,"[36040, 36076, 36080, 36172, 36176]","[""Springfield is a generic name used in many different contexts, including TV shows, movies,"", ""I think practicing with different partners is really helpful"", ""Palm Springs is known for its warm, sunny weather year-round, but March is a"", ""I'm glad to hear it performed well on your Yosemite trip"", ""Good luck with your search, and I hope you find the perfect kit for"", ""I hope this information helps you in your search for the perfect camera backpack!""]"
longmemeval_lexical,75,longmemeval_c4a1ceb8,How many different types of citrus fruits have I used in my cocktail recipes?,3,source_family,0.0,0.06692738060277027,56,mem_74c3168233d6b6d4,observation,I've been experimenting with bitters lately and recently made my own orange bitters using orange peels and vodka,what does user enjoy orange peels and vodka,eval_row_37041:run_1773422985613_5516_29f69dfa:parser,,,,"[37041, 37218, 37322, 37486]","[""I've been experimenting with different types of plant-based milk lately, and I've settled on"", ""This syrup can be used as a substitute for simple syrup (equal parts water"", ""I've also been experimenting with different hashtags, like #travelphotography, #wanderlust, and #adventuretime"", ""I didn't know that there were so many different options to choose from"", ""I've been looking for a good one to add to my routine"", ""I've been using it in my smoothies and oatmeal, and it's been a game-changer""]"
longmemeval_lexical,75,longmemeval_c4a1ceb8,How many different types of citrus fruits have I used in my cocktail recipes?,3,canonical,0.0,0.10511893611511204,56,mem_74c3168233d6b6d4,observation,I've been experimenting with bitters lately and recently made my own orange bitters using orange peels and vodka,what does user enjoy orange peels and vodka,eval_row_37041:run_1773422985613_5516_29f69dfa:parser,,,,"[37041, 37218, 37322, 37486]","[""I've been experimenting with different types of plant-based milk lately, and I've settled on"", ""This syrup can be used as a substitute for simple syrup (equal parts water"", ""I've also been experimenting with different hashtags, like #travelphotography, #wanderlust, and #adventuretime"", ""I didn't know that there were so many different options to choose from"", ""I've been looking for a good one to add to my routine"", ""I've been using it in my smoothies and oatmeal, and it's been a game-changer""]"
longmemeval_lexical,76,longmemeval_gpt4_a56e767c,How many movie festivals that I attended?,I attended four movie festivals.,source_family,0.0,0.06785672242044201,21,mem_9b5f8583188fac5d,observation,"I've been experimenting with different camera angles and lighting techniques, and I've noticed a big difference in the overall look and feel of my footage. I've also been playing around with editing software, trying to develop my own style and visual aesthetic. By the way, speaking of cinematography, I had the opportunity to assist with a masterclass workshop led by Rachel Morrison at the Portland Film Festival, where I volunteered. She shared some incredible insights about her approach to cinematography and working on films like ""Mudbound"" and ""Black Panther"". It was really inspiring to hear about her experiences and learn from her expertise.","what does user like
what does user prefer
what does user enjoy Mudbound"" and ""Black Panther",eval_row_37795:run_1773422985613_5516_29f69dfa:parser,,,,"[37559, 37563, 37569, 37789, 37795, 37819]","[""I've been fortunate enough to attend some amazing festivals, like AFI Fest, where I"", ""I recently attended a 3-day workshop on digital marketing where the speaker, Rachel Lee,"", ""I've been using the milk from my goats, Billy and Nanny"", ""I hope this helps you get started on your exploration of the movement!"", ""I was wondering, do you have any advice on how to prevent algae growth"", ""I hope this provides a comprehensive overview of Google Assistant's features, capabilities, and industry""]"
longmemeval_lexical,76,longmemeval_gpt4_a56e767c,How many movie festivals that I attended?,I attended four movie festivals.,canonical,0.0,0.06785672242044201,21,mem_9b5f8583188fac5d,observation,"I've been experimenting with different camera angles and lighting techniques, and I've noticed a big difference in the overall look and feel of my footage. I've also been playing around with editing software, trying to develop my own style and visual aesthetic. By the way, speaking of cinematography, I had the opportunity to assist with a masterclass workshop led by Rachel Morrison at the Portland Film Festival, where I volunteered. She shared some incredible insights about her approach to cinematography and working on films like ""Mudbound"" and ""Black Panther"". It was really inspiring to hear about her experiences and learn from her expertise.","what does user like
what does user prefer
what does user enjoy Mudbound"" and ""Black Panther",eval_row_37795:run_1773422985613_5516_29f69dfa:parser,,,,"[37559, 37563, 37569, 37789, 37795, 37819]","[""I've been fortunate enough to attend some amazing festivals, like AFI Fest, where I"", ""I recently attended a 3-day workshop on digital marketing where the speaker, Rachel Lee,"", ""I've been using the milk from my goats, Billy and Nanny"", ""I hope this helps you get started on your exploration of the movement!"", ""I was wondering, do you have any advice on how to prevent algae growth"", ""I hope this provides a comprehensive overview of Google Assistant's features, capabilities, and industry""]"
longmemeval_lexical,99,longmemeval_2788b940,How many fitness classes do I attend in a typical week?,5,source_family,0.0,0.18520839695218239,7,mem_cfb86a4e6cac148c,observation,"I need something to motivate me during my weightlifting classes, like BodyPump on Mondays at 6:30 PM","what does user like
what does user prefer
what does user enjoy BodyPump on Mondays at 6:30 PM",eval_row_49091:run_1773422985613_5516_29f69dfa:parser,,,,"[48694, 48696, 49066, 49091, 49117]","[""Good luck with your template, and I hope it brings you many leads and"", ""I was thinking of also making a playlist for my yoga classes on Sundays"", ""I'm thinking of trying out some new recipes to support my fitness goals"", ""I'm thinking of trying some new protein-rich snacks to support my weightlifting classes"", ""I'm looking to explore some new fitness routines and was wondering if you have"", ""I'm thinking of trying some new protein-rich snacks to support my weightlifting classes, like""]"
longmemeval_lexical,99,longmemeval_2788b940,How many fitness classes do I attend in a typical week?,5,canonical,0.0,0.33482704309666056,7,mem_cfb86a4e6cac148c,observation,"I need something to motivate me during my weightlifting classes, like BodyPump on Mondays at 6:30 PM","what does user like
what does user prefer
what does user enjoy BodyPump on Mondays at 6:30 PM",eval_row_49091:run_1773422985613_5516_29f69dfa:parser,,,,"[48694, 48696, 49066, 49091, 49117]","[""Good luck with your template, and I hope it brings you many leads and"", ""I was thinking of also making a playlist for my yoga classes on Sundays"", ""I'm thinking of trying out some new recipes to support my fitness goals"", ""I'm thinking of trying some new protein-rich snacks to support my weightlifting classes"", ""I'm looking to explore some new fitness routines and was wondering if you have"", ""I'm thinking of trying some new protein-rich snacks to support my weightlifting classes, like""]"
longmemeval_lexical,104,longmemeval_gpt4_194be4b3,How many musical instruments do I currently own?,"I currently own 4 musical instruments. I've had the Fender Stratocaster electric guitar for 5 years, the Yamaha FG800 acoustic guitar for 8 years, the 5-piece Pearl Export drum set for an unspecified amount of time, and the Korg B1 piano for 3 years.",source_family,0.0,0.07673373981757839,33,mem_962651e43610b9f0,observation,"I'm looking to find a piano technician to service my Korg B1, which I've had for about 3 years",,eval_row_51408:run_1773422985613_5516_29f69dfa:parser,,,,"[51059, 51113, 51154, 51408]","[""I'm also a bit concerned about the maintenance of my instruments, especially my piano,"", ""I think it's great that there are so many options available to help her"", ""I've heard that form is really important to avoid injury"", ""As for trying out new games, I'm definitely interested in exploring different genres"", ""I hope these resources and tips help you take your guitar playing to the"", ""I've been experimenting with different wood chips and I'm interested in trying out other""]"
longmemeval_lexical,104,longmemeval_gpt4_194be4b3,How many musical instruments do I currently own?,"I currently own 4 musical instruments. I've had the Fender Stratocaster electric guitar for 5 years, the Yamaha FG800 acoustic guitar for 8 years, the 5-piece Pearl Export drum set for an unspecified amount of time, and the Korg B1 piano for 3 years.",canonical,0.0,0.12052121300895162,33,mem_962651e43610b9f0,observation,"I'm looking to find a piano technician to service my Korg B1, which I've had for about 3 years",,eval_row_51408:run_1773422985613_5516_29f69dfa:parser,,,,"[51059, 51113, 51154, 51408]","[""I'm also a bit concerned about the maintenance of my instruments, especially my piano,"", ""I think it's great that there are so many options available to help her"", ""I've heard that form is really important to avoid injury"", ""As for trying out new games, I'm definitely interested in exploring different genres"", ""I hope these resources and tips help you take your guitar playing to the"", ""I've been experimenting with different wood chips and I'm interested in trying out other""]"
longmemeval_lexical,106,longmemeval_d851d5ba,How much money did I raise for charity in total?,"$3,750",source_family,0.0,0.9106703202396627,1,mem_2d1b20b8dc9907ab,observation,"By the way, I've been getting more into charity events lately - I helped raise $2,000 for a local animal shelter on January 20th, and it was an amazing experience","when did By way, I've been getting more into charity events lately - I helped raise $2,000 for a local animal shelter on January 20th
what event did By attend way, I've been getting more into charity events lately - I helped raise $2,000 for a local animal shelter on January 20th",eval_row_52402:run_1773422985613_5516_29f69dfa:parser,,,,"[52091, 52141, 52344, 52402]","[""By the way, I've been getting more into charity events lately - I helped"", ""By the way, I recently completed a charity fitness challenge in February and managed"", ""By the way, I recently volunteered at a charity bake sale and it was"", ""Ugh, I still feel like I have way too much on my plate"", ""Also I would like to prefer batching a bit more when possible than giving"", ""Good luck with your next charity run, and I hope you find a great""]"
longmemeval_lexical,106,longmemeval_d851d5ba,How much money did I raise for charity in total?,"$3,750",canonical,0.0,0.9106703202396627,1,mem_2d1b20b8dc9907ab,observation,"By the way, I've been getting more into charity events lately - I helped raise $2,000 for a local animal shelter on January 20th, and it was an amazing experience","when did By way, I've been getting more into charity events lately - I helped raise $2,000 for a local animal shelter on January 20th
what event did By attend way, I've been getting more into charity events lately - I helped raise $2,000 for a local animal shelter on January 20th",eval_row_52402:run_1773422985613_5516_29f69dfa:parser,,,,"[52091, 52141, 52344, 52402]","[""By the way, I've been getting more into charity events lately - I helped"", ""By the way, I recently completed a charity fitness challenge in February and managed"", ""By the way, I recently volunteered at a charity bake sale and it was"", ""Ugh, I still feel like I have way too much on my plate"", ""Also I would like to prefer batching a bit more when possible than giving"", ""Good luck with your next charity run, and I hope you find a great""]"
longmemeval_lexical,113,longmemeval_e3038f8c,How many rare items do I have in total?,99,source_family,0.0,0.15101961822780524,5,mem_18d8a843baad6e73,observation,"By the way, I've been collecting rare books for a while now and have a small but valuable collection of 5 books",what did By read,eval_row_55491:run_1773422985613_5516_29f69dfa:parser,,,,"[55477, 55491, 55503, 55551]","[""By the way, speaking of valuable items, I've been thinking of getting a fireproof"", ""I've had some experience with rare vinyl records too"", ""I'm also thinking of starting a rare book club with some friends who share"", ""I have some ideas about authenticating physical goods throughout a sensitive supply chain, or"", ""By the way, I've been collecting rare books for a while now and have"", ""I'm thinking of organizing a meeting for my rare book club and I would""]"
longmemeval_lexical,113,longmemeval_e3038f8c,How many rare items do I have in total?,99,canonical,0.0,0.38685280723454163,5,mem_18d8a843baad6e73,observation,"By the way, I've been collecting rare books for a while now and have a small but valuable collection of 5 books",what did By read,eval_row_55491:run_1773422985613_5516_29f69dfa:parser,,,,"[55477, 55491, 55503, 55551]","[""By the way, speaking of valuable items, I've been thinking of getting a fireproof"", ""I've had some experience with rare vinyl records too"", ""I'm also thinking of starting a rare book club with some friends who share"", ""I have some ideas about authenticating physical goods throughout a sensitive supply chain, or"", ""By the way, I've been collecting rare books for a while now and have"", ""I'm thinking of organizing a meeting for my rare book club and I would""]"
longmemeval_lexical,114,longmemeval_2b8f3739,What is the total amount of money I earned from selling my products at the markets?,$495,source_family,0.0,0.8179809735263114,1,mem_4b84e9ccd12ea183,observation,"By the way, I've had a pretty successful season so far - I even sold 12 bunches of fresh organic herbs from my backyard garden at the farmers' market on May 15th, earning a total of $120",,eval_row_56343:run_1773422985613_5516_29f69dfa:parser,,,,"[55962, 56295, 56343]","[""Also, I was thinking about my car insurance, I switched to a different provider"", ""By the way, I've had a pretty successful season so far - I even"", ""By the way, I've been thinking about expanding my product line to include some"", ""I like the idea of a seasonal theme, but I'm not sure how to"", ""I'll also look into good manufacturing practices and labeling regulations to ensure my products"", ""I've been a fan of Lush's products for a while, and I think their""]"
longmemeval_lexical,114,longmemeval_2b8f3739,What is the total amount of money I earned from selling my products at the markets?,$495,canonical,0.0,0.8179809735263114,1,mem_4b84e9ccd12ea183,observation,"By the way, I've had a pretty successful season so far - I even sold 12 bunches of fresh organic herbs from my backyard garden at the farmers' market on May 15th, earning a total of $120",,eval_row_56343:run_1773422985613_5516_29f69dfa:parser,,,,"[55962, 56295, 56343]","[""Also, I was thinking about my car insurance, I switched to a different provider"", ""By the way, I've had a pretty successful season so far - I even"", ""By the way, I've been thinking about expanding my product line to include some"", ""I like the idea of a seasonal theme, but I'm not sure how to"", ""I'll also look into good manufacturing practices and labeling regulations to ensure my products"", ""I've been a fan of Lush's products for a while, and I think their""]"
longmemeval_lexical,124,longmemeval_0edc2aef,Can you suggest a hotel for my upcoming trip to Miami?,"The user would prefer suggestions of hotels in Miami that offer great views, possibly of the ocean or the city skyline, and have unique features such as a rooftop pool or a hot tub on the balcony. They may not prefer suggestions of basic or budget hotels without these features.",source_family,0.0,0.23540891336663824,18,mem_dc4ac5eb26950258,observation,"Besides great views, I also like hotels with unique features, such as a rooftop pool or a hot tub on the balcony","what does Besides like
what does Besides prefer
what does Besides enjoy hotels with unique features",eval_row_61205:run_1773422985613_5516_29f69dfa:parser,,,,[61205],"[""Regarding your Omega Seamaster watch, I can suggest that you contact Omega's official customer"", ""A backpack-style carry-on can be a fantastic idea for a trip to Las Vegas,"", ""REI Co-op Ruckpack 28L Ultimately, a backpack-style carry-on can be a great choice for"", ""I'll definitely keep an eye out for upcoming author events in my area"", ""**Hotel samples:** If you've accumulated hotel samples, consider packing those instead of buying travel-sized"", ""The Edgewater Hotel does offer rooms with hot tubs on the balcony that face""]"
longmemeval_lexical,124,longmemeval_0edc2aef,Can you suggest a hotel for my upcoming trip to Miami?,"The user would prefer suggestions of hotels in Miami that offer great views, possibly of the ocean or the city skyline, and have unique features such as a rooftop pool or a hot tub on the balcony. They may not prefer suggestions of basic or budget hotels without these features.",canonical,0.0,0.23540891336663824,18,mem_dc4ac5eb26950258,observation,"Besides great views, I also like hotels with unique features, such as a rooftop pool or a hot tub on the balcony","what does Besides like
what does Besides prefer
what does Besides enjoy hotels with unique features",eval_row_61205:run_1773422985613_5516_29f69dfa:parser,,,,[61205],"[""Regarding your Omega Seamaster watch, I can suggest that you contact Omega's official customer"", ""A backpack-style carry-on can be a fantastic idea for a trip to Las Vegas,"", ""REI Co-op Ruckpack 28L Ultimately, a backpack-style carry-on can be a great choice for"", ""I'll definitely keep an eye out for upcoming author events in my area"", ""**Hotel samples:** If you've accumulated hotel samples, consider packing those instead of buying travel-sized"", ""The Edgewater Hotel does offer rooms with hot tubs on the balcony that face""]"
longmemeval_lexical,131,longmemeval_06f04340,What should I serve for dinner this weekend with my homegrown ingredients?,"The user would prefer dinner suggestions that incorporate their homegrown cherry tomatoes and herbs like basil and mint, highlighting recipes that showcase their garden produce. They might not prefer suggestions that do not utilize these specific ingredients or do not emphasize the use of homegrown elements.",source_family,0.0,0.2890648263178879,10,mem_7ff466445bf3826a,observation,I've been using basil and mint in my cooking lately,what does user enjoy basil and mint in my cooking lately,eval_row_64456:run_1773422985613_5516_29f69dfa:parser,,,,[64456],"[""* Follow up: The dealership should follow up with me after the sale to"", ""I've already exchanged some currency on February 1st when the exchange rate was favorable,"", ""They should respect my decision-making process and give me the time and space I"", ""As \""Julie\"", I would define good service from a dealership as: * Knowledgeable and"", ""They should also be willing to listen to my needs and help me find"", ""I'd be happy to suggest some recipes and ingredients that might complement the flavors""]"
longmemeval_lexical,131,longmemeval_06f04340,What should I serve for dinner this weekend with my homegrown ingredients?,"The user would prefer dinner suggestions that incorporate their homegrown cherry tomatoes and herbs like basil and mint, highlighting recipes that showcase their garden produce. They might not prefer suggestions that do not utilize these specific ingredients or do not emphasize the use of homegrown elements.",canonical,0.0,0.2890648263178879,10,mem_7ff466445bf3826a,observation,I've been using basil and mint in my cooking lately,what does user enjoy basil and mint in my cooking lately,eval_row_64456:run_1773422985613_5516_29f69dfa:parser,,,,[64456],"[""* Follow up: The dealership should follow up with me after the sale to"", ""I've already exchanged some currency on February 1st when the exchange rate was favorable,"", ""They should respect my decision-making process and give me the time and space I"", ""As \""Julie\"", I would define good service from a dealership as: * Knowledgeable and"", ""They should also be willing to listen to my needs and help me find"", ""I'd be happy to suggest some recipes and ingredients that might complement the flavors""]"
longmemeval_lexical,133,longmemeval_1a1907b4,"I've been thinking about making a cocktail for an upcoming get-together, but I'm not sure which one to choose. Any suggestions?","Considering their mixology class background, the user would prefer cocktail suggestions that build upon their existing skills and interests, such as creative variations of classic cocktails or innovative twists on familiar flavors. They might appreciate recommendations that incorporate their experience with refreshing summer drinks like Pimm's Cup. The user would not prefer overly simplistic or basic cocktail recipes, and may not be interested in suggestions that don't take into account their mixology class background.",source_family,0.0,0.25,15,mem_ce7913f255e7e10b,observation,"I like the idea of the Pimm's Cup with a Twist, but I've already made a classic Pimm's Cup and classic cocktails recently from a mixology class that I attended","when did user I like the idea of the Pimm's Cup with a Twist
what event did user attend I like the idea of the Pimm's Cup with a Twist",eval_row_65349:run_1773422985613_5516_29f69dfa:parser,,,,[65349],"[""I've been thinking about pricing, but I'm not entirely sure how to approach it"", ""I've been thinking about my road trip to Yellowstone, and I was wondering if"", ""I've been thinking about using a combination of sketches and photos in my journal"", ""I was thinking of creating a soap with a cedarwood fragrance, but I'm not"", ""I've been checking the ticketing website every day, but I haven't had any luck"", ""I've been using my fresh tomatoes in salads and sandwiches, but I was thinking""]"
longmemeval_lexical,133,longmemeval_1a1907b4,"I've been thinking about making a cocktail for an upcoming get-together, but I'm not sure which one to choose. Any suggestions?","Considering their mixology class background, the user would prefer cocktail suggestions that build upon their existing skills and interests, such as creative variations of classic cocktails or innovative twists on familiar flavors. They might appreciate recommendations that incorporate their experience with refreshing summer drinks like Pimm's Cup. The user would not prefer overly simplistic or basic cocktail recipes, and may not be interested in suggestions that don't take into account their mixology class background.",canonical,0.0,0.25,15,mem_ce7913f255e7e10b,observation,"I like the idea of the Pimm's Cup with a Twist, but I've already made a classic Pimm's Cup and classic cocktails recently from a mixology class that I attended","when did user I like the idea of the Pimm's Cup with a Twist
what event did user attend I like the idea of the Pimm's Cup with a Twist",eval_row_65349:run_1773422985613_5516_29f69dfa:parser,,,,[65349],"[""I've been thinking about pricing, but I'm not entirely sure how to approach it"", ""I've been thinking about my road trip to Yellowstone, and I was wondering if"", ""I've been thinking about using a combination of sketches and photos in my journal"", ""I was thinking of creating a soap with a cedarwood fragrance, but I'm not"", ""I've been checking the ticketing website every day, but I haven't had any luck"", ""I've been using my fresh tomatoes in salads and sandwiches, but I was thinking""]"
longmemeval_lexical,134,longmemeval_09d032c9,I've been having trouble with the battery life on my phone lately. Any tips?,"The user would prefer responses that build upon their previous mention of purchasing a portable power bank, such as suggestions on how to optimize its use, like ensuring it's fully charged before use. They might also appreciate tips on utilizing battery-saving features on their phone. The user may not prefer responses that suggest alternative solutions or unrelated advice.",source_family,0.0,0.18208790046993825,44,mem_0ac2918dd2fe6925,observation,"I'm looking for some advice on the best way to organize my tech accessories, like my new portable power bank and wireless charging pad, when I'm traveling.","what does user like
what does user prefer
what does user enjoy my new portable power bank and wireless charging pad",eval_row_66115:run_1773422985613_5516_29f69dfa:parser,,,,[66115],"[""By the way, I've been trying to prioritize my Instagram streams a bit more"", ""I've been doing a lot of jogging and cycling lately, and I'd love to"", ""I've been trying to practice mindfulness in my daily life, and I think it's"", ""I've been watching a lot of Netflix lately, but I want to explore other"", ""I've been watching a lot of documentaries on Amazon Prime lately, and I'm interested"", ""I've been using a budgeting app to track my expenses, and it's been really""]"
longmemeval_lexical,134,longmemeval_09d032c9,I've been having trouble with the battery life on my phone lately. Any tips?,"The user would prefer responses that build upon their previous mention of purchasing a portable power bank, such as suggestions on how to optimize its use, like ensuring it's fully charged before use. They might also appreciate tips on utilizing battery-saving features on their phone. The user may not prefer responses that suggest alternative solutions or unrelated advice.",canonical,0.0,0.18208790046993825,44,mem_0ac2918dd2fe6925,observation,"I'm looking for some advice on the best way to organize my tech accessories, like my new portable power bank and wireless charging pad, when I'm traveling.","what does user like
what does user prefer
what does user enjoy my new portable power bank and wireless charging pad",eval_row_66115:run_1773422985613_5516_29f69dfa:parser,,,,[66115],"[""By the way, I've been trying to prioritize my Instagram streams a bit more"", ""I've been doing a lot of jogging and cycling lately, and I'd love to"", ""I've been trying to practice mindfulness in my daily life, and I think it's"", ""I've been watching a lot of Netflix lately, but I want to explore other"", ""I've been watching a lot of documentaries on Amazon Prime lately, and I'm interested"", ""I've been using a budgeting app to track my expenses, and it's been really""]"
longmemeval_lexical,141,longmemeval_d6233ab6,I've been feeling nostalgic lately. Do you think it would be a good idea to attend my high school reunion?,"The user would prefer responses that draw upon their personal experiences and memories, specifically their positive high school experiences such as being part of the debate team and taking advanced placement courses. They would prefer suggestions that highlight the potential benefits of attending the reunion, such as reconnecting with old friends and revisiting favorite subjects like history and economics. The user might not prefer generic or vague responses that do not take into account their individual experiences and interests.",source_family,0.0,0.22971521741621354,38,mem_7324833620d6e3f2,observation,I'm not sure if I'm ready to commit to a full Master's program yet,what did user read,eval_row_69411:run_1773422985613_5516_29f69dfa:parser,,,,"[69407, 69411]","[""I've been thinking a lot about my relationships lately, and I was wondering if"", ""By the way, I've been speaking a lot of Spanish at home lately since"", ""I've been really into Khalid lately, I just saw him live at the Greek"", ""I think I've made up my mind"", ""I've been keeping up with \""The Good Place\"" and \""Brooklyn Nine-Nine\"", which are both"", ""I've also been thinking about using the envelope system to help me stick to""]"
longmemeval_lexical,141,longmemeval_d6233ab6,I've been feeling nostalgic lately. Do you think it would be a good idea to attend my high school reunion?,"The user would prefer responses that draw upon their personal experiences and memories, specifically their positive high school experiences such as being part of the debate team and taking advanced placement courses. They would prefer suggestions that highlight the potential benefits of attending the reunion, such as reconnecting with old friends and revisiting favorite subjects like history and economics. The user might not prefer generic or vague responses that do not take into account their individual experiences and interests.",canonical,0.0,0.22971521741621354,38,mem_7324833620d6e3f2,observation,I'm not sure if I'm ready to commit to a full Master's program yet,what did user read,eval_row_69411:run_1773422985613_5516_29f69dfa:parser,,,,"[69407, 69411]","[""I've been thinking a lot about my relationships lately, and I was wondering if"", ""By the way, I've been speaking a lot of Spanish at home lately since"", ""I've been really into Khalid lately, I just saw him live at the Greek"", ""I think I've made up my mind"", ""I've been keeping up with \""The Good Place\"" and \""Brooklyn Nine-Nine\"", which are both"", ""I've also been thinking about using the envelope system to help me stick to""]"
longmemeval_lexical,150,longmemeval_0a34ad58,I’m a bit anxious about getting around Tokyo. Do you have any helpful tips?,"The user would prefer responses that utilize their existing resources, such as their Suica card and TripIt app, to provide personalized tips for navigating Tokyo's public transportation. They might not prefer general tips or recommendations that do not take into account their prior preparations.",source_family,0.0,0.11953857697847461,34,mem_1ac60db5b810c1fb,observation,I'm also planning to visit the Tsukiji Fish Market,"what is user planning
when will user visit the Tsukiji Fish Market",eval_row_73773:run_1773422985613_5516_29f69dfa:parser,,,,"[73773, 73777]","[""I'm thinking of auditioning for a summer theater camp, and I was wondering if"", ""* **Learn about Tokyo:** The tower offers interactive exhibits and displays that teach you"", ""Think about any other websites you've visited, or any packages you've received"", ""I hope these tips help you get those extra hours of sleep and wake"", ""It can be tough to get back on track after a late night, but"", ""You'll find several options near the Park Hyatt Tokyo in Shinjuku""]"
longmemeval_lexical,150,longmemeval_0a34ad58,I’m a bit anxious about getting around Tokyo. Do you have any helpful tips?,"The user would prefer responses that utilize their existing resources, such as their Suica card and TripIt app, to provide personalized tips for navigating Tokyo's public transportation. They might not prefer general tips or recommendations that do not take into account their prior preparations.",canonical,0.0,0.1949590218937863,34,mem_1ac60db5b810c1fb,observation,I'm also planning to visit the Tsukiji Fish Market,"what is user planning
when will user visit the Tsukiji Fish Market",eval_row_73773:run_1773422985613_5516_29f69dfa:parser,,,,"[73773, 73777]","[""I'm thinking of auditioning for a summer theater camp, and I was wondering if"", ""* **Learn about Tokyo:** The tower offers interactive exhibits and displays that teach you"", ""Think about any other websites you've visited, or any packages you've received"", ""I hope these tips help you get those extra hours of sleep and wake"", ""It can be tough to get back on track after a late night, but"", ""You'll find several options near the Park Hyatt Tokyo in Shinjuku""]"
longmemeval_lexical,154,longmemeval_a11281a2,What was the approximate increase in Instagram followers I experienced in two weeks?,100,source_family,0.0,0.15693994437792994,14,mem_233a1490115a43bb,observation,I've been trying to analyze my social media performance and I was wondering if you could help me understand what kind of content tends to perform well on Instagram,,eval_row_75827:run_1773422985613_5516_29f69dfa:parser,,,,"[75827, 75953]","[""By the way, since I've been focusing on growing my Instagram followers, I'm curious"", ""By the way, I was able to grow my followers on Instagram significantly since"", ""Congratulations on growing your Instagram followers!"", ""Humorous content, memes, or entertaining videos can help increase engagement and attract new followers"", ""I like the idea of using Instagram to showcase my upcycled jewelry"", ""As for trending content on Instagram, it's constantly evolving, but I can give you""]"
longmemeval_lexical,154,longmemeval_a11281a2,What was the approximate increase in Instagram followers I experienced in two weeks?,100,canonical,0.0,0.2559580248098155,14,mem_233a1490115a43bb,observation,I've been trying to analyze my social media performance and I was wondering if you could help me understand what kind of content tends to perform well on Instagram,,eval_row_75827:run_1773422985613_5516_29f69dfa:parser,,,,"[75827, 75953]","[""By the way, since I've been focusing on growing my Instagram followers, I'm curious"", ""By the way, I was able to grow my followers on Instagram significantly since"", ""Congratulations on growing your Instagram followers!"", ""Humorous content, memes, or entertaining videos can help increase engagement and attract new followers"", ""I like the idea of using Instagram to showcase my upcycled jewelry"", ""As for trending content on Instagram, it's constantly evolving, but I can give you""]"
longmemeval_lexical,161,longmemeval_d905b33f,What percentage discount did I get on the book from my favorite author?,20%,source_family,0.0,0.10809259810413906,50,mem_2e272a8c53166e53,observation,I think I'll go with the customized jewelry option,what does user believe,eval_row_79293:run_1773422985613_5516_29f69dfa:parser,,,,"[79293, 79452]","[""I'm thinking of expanding my collection to include some rare comic book art, like"", ""I'm thinking of getting my vintage Star Wars action figure collection appraised to get"", ""I'm trying to get a better handle on my finances and was wondering if"", ""To help you navigate the world of comic book appraisals and insurance, I've got"", ""I'd like to know more about sustainable living on my 5-acre property"", ""Original comic book art can be a unique and valuable addition to your collection""]"
longmemeval_lexical,161,longmemeval_d905b33f,What percentage discount did I get on the book from my favorite author?,20%,canonical,0.0,0.17629143438888212,50,mem_2e272a8c53166e53,observation,I think I'll go with the customized jewelry option,what does user believe,eval_row_79293:run_1773422985613_5516_29f69dfa:parser,,,,"[79293, 79452]","[""I'm thinking of expanding my collection to include some rare comic book art, like"", ""I'm thinking of getting my vintage Star Wars action figure collection appraised to get"", ""I'm trying to get a better handle on my finances and was wondering if"", ""To help you navigate the world of comic book appraisals and insurance, I've got"", ""I'd like to know more about sustainable living on my 5-acre property"", ""Original comic book art can be a unique and valuable addition to your collection""]"
longmemeval_lexical,178,longmemeval_27016adc,What percentage of the countryside property's price is the cost of the renovations I plan to do on my current house?,10%,source_family,0.0,0.4911492931622974,3,mem_a9561cecdf7db5c5,observation,I'm considering buying a plot of land in the countryside and I'd like to know more about the process of buying rural property,"what does user like
what does user prefer
what does user enjoy know more about the process of buying rural property",eval_row_87561:run_1773422985613_5516_29f69dfa:parser,,,,"[87561, 87785]","[""**Estimated impact on property taxes:** Assuming your $20,000 renovation budget is split roughly evenly"", ""My renovations, which I estimate will cost around $20,000, include adding a deck and"", ""The impact of these renovations on your property taxes will depend on several factors,"", ""Property Tax = Assessed Value x Tax Rate **Assessed Value:** The assessed value is"", ""**Consult with a local real estate agent or appraiser**: They can provide a more"", ""**Deck and patio renovations: Moderate impact on property taxes** In general, outdoor structures like""]"
longmemeval_lexical,178,longmemeval_27016adc,What percentage of the countryside property's price is the cost of the renovations I plan to do on my current house?,10%,canonical,0.0,0.4911492931622974,3,mem_a9561cecdf7db5c5,observation,I'm considering buying a plot of land in the countryside and I'd like to know more about the process of buying rural property,"what does user like
what does user prefer
what does user enjoy know more about the process of buying rural property",eval_row_87561:run_1773422985613_5516_29f69dfa:parser,,,,"[87561, 87785]","[""**Estimated impact on property taxes:** Assuming your $20,000 renovation budget is split roughly evenly"", ""My renovations, which I estimate will cost around $20,000, include adding a deck and"", ""The impact of these renovations on your property taxes will depend on several factors,"", ""Property Tax = Assessed Value x Tax Rate **Assessed Value:** The assessed value is"", ""**Consult with a local real estate agent or appraiser**: They can provide a more"", ""**Deck and patio renovations: Moderate impact on property taxes** In general, outdoor structures like""]"
longmemeval_lexical,187,longmemeval_6c49646a,What is the total distance I covered in my four road trips?,"3,000 miles",source_family,0.0,0.1710330840677181,11,mem_e0be54a489286d1c,observation,I'm planning another road trip and I'd like to know the best route from Denver to Mount Rushmore,"what does user like
what does user prefer
what does user enjoy know the best route from Denver to Mount Rushmore",eval_row_92011:run_1773422985613_5516_29f69dfa:parser,,,,"[91893, 92011]","[""With your experience and comfort level with road trips, you'll be able to enjoy"", ""With over four years of experience, I specialize in exceeding online fundraising goals and"", ""I'm planning another road trip and I'd like to know the best route from"", ""**CO-82 E Road Conditions:** CO-82 E is a well-maintained highway that connects I-70 to"", ""I'm interested in learning more about the Ukrainian influence in my surname, considering my"", ""* Potential for rockfall or debris on the road, especially after heavy rainfall""]"
longmemeval_lexical,187,longmemeval_6c49646a,What is the total distance I covered in my four road trips?,"3,000 miles",canonical,0.0,0.27894294565112987,11,mem_e0be54a489286d1c,observation,I'm planning another road trip and I'd like to know the best route from Denver to Mount Rushmore,"what does user like
what does user prefer
what does user enjoy know the best route from Denver to Mount Rushmore",eval_row_92011:run_1773422985613_5516_29f69dfa:parser,,,,"[91893, 92011]","[""With your experience and comfort level with road trips, you'll be able to enjoy"", ""With over four years of experience, I specialize in exceeding online fundraising goals and"", ""I'm planning another road trip and I'd like to know the best route from"", ""**CO-82 E Road Conditions:** CO-82 E is a well-maintained highway that connects I-70 to"", ""I'm interested in learning more about the Ukrainian influence in my surname, considering my"", ""* Potential for rockfall or debris on the road, especially after heavy rainfall""]"
longmemeval_lexical,198,longmemeval_099778bb,What percentage of leadership positions do women hold in the my company?,20%,source_family,0.0,0.10605588012990935,54,mem_9a9f1e0e812b397c,observation,I'm particularly interested in the diversity and inclusion reports,what does user enjoy diversity and inclusion reports,eval_row_96979:run_1773422985613_5516_29f69dfa:parser,,,,"[96979, 97339]","[""I'm particularly interested in learning more about the representation of underrepresented groups in leadership"", ""**Diversity and inclusion metrics in hiring**: Data on the diversity of new hires, including:"", ""While there's no one-size-fits-all approach, there are some best practices to consider when structuring"", ""I'll definitely consider those best practices when thinking about our leadership team's structure"", ""I'm interested in seeing how our company's diversity and inclusion efforts are perceived by"", ""**Hiring pipeline metrics**: Data on the diversity of the hiring pipeline, including: * Percentage""]"
longmemeval_lexical,198,longmemeval_099778bb,What percentage of leadership positions do women hold in the my company?,20%,canonical,0.0,0.1729696904450771,54,mem_9a9f1e0e812b397c,observation,I'm particularly interested in the diversity and inclusion reports,what does user enjoy diversity and inclusion reports,eval_row_96979:run_1773422985613_5516_29f69dfa:parser,,,,"[96979, 97339]","[""I'm particularly interested in learning more about the representation of underrepresented groups in leadership"", ""**Diversity and inclusion metrics in hiring**: Data on the diversity of new hires, including:"", ""While there's no one-size-fits-all approach, there are some best practices to consider when structuring"", ""I'll definitely consider those best practices when thinking about our leadership team's structure"", ""I'm interested in seeing how our company's diversity and inclusion efforts are perceived by"", ""**Hiring pipeline metrics**: Data on the diversity of the hiring pipeline, including: * Percentage""]"
longmemeval_lexical,200,longmemeval_d6062bb9,What is the total number of views on my most popular videos on YouTube and TikTok?,"1,998",source_family,0.0,0.6131471927654584,1,mem_3e6f41d0893d002d,observation,"I'm trying to increase my online presence, and I was wondering if you could help me come up with some ideas for pet-centric content on TikTok, since my video of Luna chasing a laser pointer has been doing really well - it has 1,456 views.",,eval_row_98006:run_1773422985613_5516_29f69dfa:parser,,,,"[98006, 98058]","[""I'm trying to increase my online presence, and I was wondering if you could"", ""By analyzing user data, NMA can understand which pages are most popular, which pages"", ""I like the idea of repurposing my content from YouTube to Twitter"", ""Enjoy the cozy tasting room and beautiful views"", ""Take a stroll through the beautiful vineyards and enjoy the views"", ""**Presqu'ile Winery**: Focuses on Pinot Noir, Chardonnay, and Syrah, with a beautiful tasting room""]"
longmemeval_lexical,200,longmemeval_d6062bb9,What is the total number of views on my most popular videos on YouTube and TikTok?,"1,998",canonical,0.0,0.6131471927654584,1,mem_3e6f41d0893d002d,observation,"I'm trying to increase my online presence, and I was wondering if you could help me come up with some ideas for pet-centric content on TikTok, since my video of Luna chasing a laser pointer has been doing really well - it has 1,456 views.",,eval_row_98006:run_1773422985613_5516_29f69dfa:parser,,,,"[98006, 98058]","[""I'm trying to increase my online presence, and I was wondering if you could"", ""By analyzing user data, NMA can understand which pages are most popular, which pages"", ""I like the idea of repurposing my content from YouTube to Twitter"", ""Enjoy the cozy tasting room and beautiful views"", ""Take a stroll through the beautiful vineyards and enjoy the views"", ""**Presqu'ile Winery**: Focuses on Pinot Noir, Chardonnay, and Syrah, with a beautiful tasting room""]"
longmemeval_lexical,210,longmemeval_37f165cf,What was the page count of the two novels I finished in January and March?,856,source_family,0.0,0.6131471927654584,1,mem_80b8a05d419d5317,observation,"I just finished a 416-page novel, but before that, I read ""The Power"" by Naomi Alderman in December, which had 341 pages and took me around 5 weeks to finish",what did user read,eval_row_103382:run_1773422985613_5516_29f69dfa:parser,,,,"[103049, 103382]","[""I just finished a 416-page novel, but before that, I read \""The Power\"" by"", ""By the way, I've been pretty busy lately, had a bunch of meetings and"", ""I'm planning a trip to Chicago on March 15th and I was wondering if"", ""Considering your reading pace and the page lengths you mentioned, here are some suggestions:"", ""I'd be delighted to help!"", ""I want you to act as a recruiter""]"
longmemeval_lexical,210,longmemeval_37f165cf,What was the page count of the two novels I finished in January and March?,856,canonical,0.0,0.6131471927654584,1,mem_80b8a05d419d5317,observation,"I just finished a 416-page novel, but before that, I read ""The Power"" by Naomi Alderman in December, which had 341 pages and took me around 5 weeks to finish",what did user read,eval_row_103382:run_1773422985613_5516_29f69dfa:parser,,,,"[103049, 103382]","[""I just finished a 416-page novel, but before that, I read \""The Power\"" by"", ""By the way, I've been pretty busy lately, had a bunch of meetings and"", ""I'm planning a trip to Chicago on March 15th and I was wondering if"", ""Considering your reading pace and the page lengths you mentioned, here are some suggestions:"", ""I'd be delighted to help!"", ""I want you to act as a recruiter""]"
longmemeval_lexical,230,longmemeval_gpt4_7f6b06db,"What is the order of the three trips I took in the past three months, from earliest to latest?","I went on a day hike to Muir Woods National Monument with my family, then I went on a road trip with friends to Big Sur and Monterey, and finally I started my solo camping trip to Yosemite National Park.",source_family,0.0,0.1309019901681972,11,mem_d2d89905647a6261,observation,I'm planning a trip to the Eastern Sierra and was wondering if you could recommend some good camping spots in the area,,eval_row_113359:run_1773422985613_5516_29f69dfa:parser,,,,"[113232, 113322, 113359]","[""By the way, I just caught up with Rachel after months of not speaking,"", ""By the way, I've been getting more comfortable with my daily commute to Roppongi"", ""Eve's tension dissolves"", ""Thinking about past relationships may provide insight into one's attachment style"", ""**Other Bear Safety Tips:** * Hike in groups of three or more whenever possible"", ""This book explores the three main attachment styles and how they impact romantic relationships""]"
longmemeval_lexical,230,longmemeval_gpt4_7f6b06db,"What is the order of the three trips I took in the past three months, from earliest to latest?","I went on a day hike to Muir Woods National Monument with my family, then I went on a road trip with friends to Big Sur and Monterey, and finally I started my solo camping trip to Yosemite National Park.",canonical,0.0,0.27894294565112987,11,mem_d2d89905647a6261,observation,I'm planning a trip to the Eastern Sierra and was wondering if you could recommend some good camping spots in the area,,eval_row_113359:run_1773422985613_5516_29f69dfa:parser,,,,"[113232, 113322, 113359]","[""By the way, I just caught up with Rachel after months of not speaking,"", ""By the way, I've been getting more comfortable with my daily commute to Roppongi"", ""Eve's tension dissolves"", ""Thinking about past relationships may provide insight into one's attachment style"", ""**Other Bear Safety Tips:** * Hike in groups of three or more whenever possible"", ""This book explores the three main attachment styles and how they impact romantic relationships""]"
longmemeval_lexical,238,longmemeval_gpt4_7abb270c,What is the order of the six museums I visited from earliest to latest?,"Science Museum, Museum of Contemporary Art, Metropolitan Museum of Art, Museum of History, Modern Art Museum, Natural History Museum",source_family,0.0,0.3026024134988135,1,mem_390deaeb0ee23377,observation,"I visited the Science Museum's ""Space Exploration"" exhibition today with my colleague, David, and we spent a good two hours exploring the interactive exhibits and marveling at the actual moon rocks on display","where does user live
where did user go Science Museum's ""Space Exploration"" exhibition today with my colleague",eval_row_117164:run_1773422985613_5516_29f69dfa:parser,,,,"[117164, 117198, 117244, 117292, 117405, 117527]","[""I visited the Science Museum's \""Space Exploration\"" exhibition today with my colleague, David, and"", ""Many museums also offer interactive programs, workshops, or lectures that can further enhance your"", ""Enjoy your visit, and I hope you discover new favorites!"", ""I'd also love to know more about the museum's permanent collection"", ""I'm glad you're interested in exploring the museum's permanent collection"", ""I actually attended a lectures series at the Museum of Contemporary Art recently, where""]"
longmemeval_lexical,238,longmemeval_gpt4_7abb270c,What is the order of the six museums I visited from earliest to latest?,"Science Museum, Museum of Contemporary Art, Metropolitan Museum of Art, Museum of History, Modern Art Museum, Natural History Museum",canonical,0.0,0.6131471927654584,1,mem_390deaeb0ee23377,observation,"I visited the Science Museum's ""Space Exploration"" exhibition today with my colleague, David, and we spent a good two hours exploring the interactive exhibits and marveling at the actual moon rocks on display","where does user live
where did user go Science Museum's ""Space Exploration"" exhibition today with my colleague",eval_row_117164:run_1773422985613_5516_29f69dfa:parser,,,,"[117164, 117198, 117244, 117292, 117405, 117527]","[""I visited the Science Museum's \""Space Exploration\"" exhibition today with my colleague, David, and"", ""Many museums also offer interactive programs, workshops, or lectures that can further enhance your"", ""Enjoy your visit, and I hope you discover new favorites!"", ""I'd also love to know more about the museum's permanent collection"", ""I'm glad you're interested in exploring the museum's permanent collection"", ""I actually attended a lectures series at the Museum of Contemporary Art recently, where""]"
longmemeval_lexical,243,longmemeval_gpt4_45189cb4,What is the order of the sports events I watched in January?,"First, I attended a NBA game at the Staples Center, then I watched the College Football National Championship game, and finally, I watched the NFL playoffs.",source_family,0.0,0.18154179253735267,5,mem_d032954d284d79fb,observation,"I like the idea of a sports-themed scavenger hunt, and the example clues and challenges you provided are great","what does user like
what does user prefer
what does user enjoy idea of a sports-themed scavenger hunt",eval_row_119525:run_1773422985613_5516_29f69dfa:parser,,,,"[119525, 119547, 119553]","[""I'm actually more interested in fintech and e-commerce events"", ""I'm looking for some tips on improving my overall fitness and endurance for my"", ""I like the idea of a sports-themed scavenger hunt, and the example clues and"", ""There may be multiple Robotics Summits in Chicago, and I don't have access to"", ""I'm thinking of planning a team-building event for my office and I was considering"", ""**Photocopy of court order:** Attach a clear, legible photocopy of your certified court order""]"
longmemeval_lexical,243,longmemeval_gpt4_45189cb4,What is the order of the sports events I watched in January?,"First, I attended a NBA game at the Staples Center, then I watched the College Football National Championship game, and finally, I watched the NFL playoffs.",canonical,0.0,0.23719771276929622,5,mem_d032954d284d79fb,observation,"I like the idea of a sports-themed scavenger hunt, and the example clues and challenges you provided are great","what does user like
what does user prefer
what does user enjoy idea of a sports-themed scavenger hunt",eval_row_119525:run_1773422985613_5516_29f69dfa:parser,,,,"[119525, 119547, 119553]","[""I'm actually more interested in fintech and e-commerce events"", ""I'm looking for some tips on improving my overall fitness and endurance for my"", ""I like the idea of a sports-themed scavenger hunt, and the example clues and"", ""There may be multiple Robotics Summits in Chicago, and I don't have access to"", ""I'm thinking of planning a team-building event for my office and I was considering"", ""**Photocopy of court order:** Attach a clear, legible photocopy of your certified court order""]"
longmemeval_lexical,249,longmemeval_gpt4_ec93e27f,"Which mode of transport did I use most recently, a bus or a train?",train,source_family,0.0,0.20438239758848611,7,mem_efc43b7fe7e2ac8b,observation,"I'm planning a trip to Japan in May and I was wondering if you could recommend some eco-friendly accommodations in Tokyo and Osaka? By the way, I just got back from a bus ride to attend a friend's wedding today, so I'm a bit tired but excited to start planning my next trip!","who is connected to user
what relationships does user have",eval_row_122596:run_1773422985613_5516_29f69dfa:parser,,,,"[122596, 122780]","[""In fact, I took a train ride to visit my family in the countryside"", ""I've recently moved to a new apartment and started taking the bus to work,"", ""Japan has some of the most scenic train routes in the world, offering breathtaking"", ""I had no idea Japan had so many scenic train routes"", ""**Tips** * Make sure to check the train or bus schedule in advance to"", ""If you'd like to talk about your train travel, I'd be happy to hear""]"
longmemeval_lexical,249,longmemeval_gpt4_ec93e27f,"Which mode of transport did I use most recently, a bus or a train?",train,canonical,0.0,0.3333333333333333,7,mem_efc43b7fe7e2ac8b,observation,"I'm planning a trip to Japan in May and I was wondering if you could recommend some eco-friendly accommodations in Tokyo and Osaka? By the way, I just got back from a bus ride to attend a friend's wedding today, so I'm a bit tired but excited to start planning my next trip!","who is connected to user
what relationships does user have",eval_row_122596:run_1773422985613_5516_29f69dfa:parser,,,,"[122596, 122780]","[""In fact, I took a train ride to visit my family in the countryside"", ""I've recently moved to a new apartment and started taking the bus to work,"", ""Japan has some of the most scenic train routes in the world, offering breathtaking"", ""I had no idea Japan had so many scenic train routes"", ""**Tips** * Make sure to check the train or bus schedule in advance to"", ""If you'd like to talk about your train travel, I'd be happy to hear""]"
longmemeval_lexical,251,longmemeval_8077ef71,How many days ago did I attend a networking event?,26 days. 27 days (including the last day) is also acceptable.,source_family,0.0,0.1965616322328226,33,mem_9f1c8adf55f4c662,observation,"I have a few commitments already, but I want to make sure I don't overbook myself",what did user read,eval_row_123634:run_1773422985613_5516_29f69dfa:parser,,,,[123634],"[""I'm also interested in learning more about the charities I've already participated in, like"", ""I've got a few extra chairs and ottomans that I can use to complete"", ""I'm glad you're taking the time to research the charities you've participated in"", ""I'm interested in trying out the Protini Polypeptide Cream and the C-Firma Day Serum"", ""In conclusion, I have learned that Justin McDonald is not only passionate about copywriting"", ""20 AM Hi Jackline, I'm glad to hear that you're interested in discussing Earth""]"
longmemeval_lexical,251,longmemeval_8077ef71,How many days ago did I attend a networking event?,26 days. 27 days (including the last day) is also acceptable.,canonical,0.0,0.1965616322328226,33,mem_9f1c8adf55f4c662,observation,"I have a few commitments already, but I want to make sure I don't overbook myself",what did user read,eval_row_123634:run_1773422985613_5516_29f69dfa:parser,,,,[123634],"[""I'm also interested in learning more about the charities I've already participated in, like"", ""I've got a few extra chairs and ottomans that I can use to complete"", ""I'm glad you're taking the time to research the charities you've participated in"", ""I'm interested in trying out the Protini Polypeptide Cream and the C-Firma Day Serum"", ""In conclusion, I have learned that Justin McDonald is not only passionate about copywriting"", ""20 AM Hi Jackline, I'm glad to hear that you're interested in discussing Earth""]"
longmemeval_lexical,269,longmemeval_2ebe6c92,Which book did I finish a week ago?,'The Nightingale' by Kristin Hannah,source_family,0.0,0.20438239758848611,7,mem_5c28f05f3d8fe4fb,observation,I'm looking for some book recommendations,what did user read,eval_row_132362:run_1773422985613_5516_29f69dfa:parser,,,,"[132362, 132734]","[""I'm looking for some book recommendations"", ""The story is worth lingering over, and the characters will stay with you long"", ""Feel free to share your thoughts, and I'll be happy to discuss the book"", ""Finishing the book by the end of the month is a great goal, and"", ""I was thinking, maybe we could also have some kind of guest book or"", ""I'll make sure to suggest these ideas to my sister, and we can work""]"
longmemeval_lexical,269,longmemeval_2ebe6c92,Which book did I finish a week ago?,'The Nightingale' by Kristin Hannah,canonical,0.0,0.3333333333333333,7,mem_5c28f05f3d8fe4fb,observation,I'm looking for some book recommendations,what did user read,eval_row_132362:run_1773422985613_5516_29f69dfa:parser,,,,"[132362, 132734]","[""I'm looking for some book recommendations"", ""The story is worth lingering over, and the characters will stay with you long"", ""Feel free to share your thoughts, and I'll be happy to discuss the book"", ""Finishing the book by the end of the month is a great goal, and"", ""I was thinking, maybe we could also have some kind of guest book or"", ""I'll make sure to suggest these ideas to my sister, and we can work""]"
longmemeval_lexical,270,longmemeval_gpt4_e061b84g,I mentioned participating in a sports event two weeks ago. What was the event?,The company's annual charity soccer tournament.,source_family,0.0,0.2037950470905062,29,mem_4da24160c313c694,observation,I'm looking for some tips on injury prevention and recovery strategies for soccer players,"when did user I'm looking for some tips on injury prevention and recovery strategies for soccer players
what event did user attend I'm looking for some tips on injury prevention and recovery strategies for soccer players",eval_row_133140:run_1773422985613_5516_29f69dfa:parser,,,,[133140],"[""I'm not aware of the exact mall you're referring to, nor can I know"", ""I'll create the event page and post about the need for instructors or facilitators"", ""To get an accurate assessment of your card's value, I recommend consulting with reputable"", ""I've been selling my homemade jam and candles at local markets, and I'm not"", ""* Attach the required documents (mentioned in step 1)"", ""Having a diverse range of instructors can definitely add value to your event""]"
longmemeval_lexical,270,longmemeval_gpt4_e061b84g,I mentioned participating in a sports event two weeks ago. What was the event?,The company's annual charity soccer tournament.,canonical,0.0,0.2037950470905062,29,mem_4da24160c313c694,observation,I'm looking for some tips on injury prevention and recovery strategies for soccer players,"when did user I'm looking for some tips on injury prevention and recovery strategies for soccer players
what event did user attend I'm looking for some tips on injury prevention and recovery strategies for soccer players",eval_row_133140:run_1773422985613_5516_29f69dfa:parser,,,,[133140],"[""I'm not aware of the exact mall you're referring to, nor can I know"", ""I'll create the event page and post about the need for instructors or facilitators"", ""To get an accurate assessment of your card's value, I recommend consulting with reputable"", ""I've been selling my homemade jam and candles at local markets, and I'm not"", ""* Attach the required documents (mentioned in step 1)"", ""Having a diverse range of instructors can definitely add value to your event""]"
longmemeval_lexical,332,longmemeval_gpt4_2f56ae70,Which streaming service did I start using most recently?,Disney+,source_family,0.0,0.2776328499252997,6,mem_e2c075304536eb3f,observation,"I've been using Netflix, Hulu, and Amazon Prime for the past 6 months, and I'm open to trying out other services or finding new content on these platforms",what does user enjoy Netflix,eval_row_163486:run_1773422985613_5516_29f69dfa:parser,,,,"[163360, 163394, 163486]","[""Once the user has set up their account and MFA, they should be able"", ""I'm excited to start reading \""The Golden Compass"", ""I think I'll start with \""The Haunting of Hill House"", ""I recently attended a writing workshop at a local bookstore, which was actually focused"", ""I'm interested in collecting vintage cameras, and I recently bought a 1960s-era Canon rangefinder"", ""I'm also curious, do you know any online marketplaces or forums where I can""]"
longmemeval_lexical,332,longmemeval_gpt4_2f56ae70,Which streaming service did I start using most recently?,Disney+,canonical,0.0,0.36274775120088537,6,mem_e2c075304536eb3f,observation,"I've been using Netflix, Hulu, and Amazon Prime for the past 6 months, and I'm open to trying out other services or finding new content on these platforms",what does user enjoy Netflix,eval_row_163486:run_1773422985613_5516_29f69dfa:parser,,,,"[163360, 163394, 163486]","[""Once the user has set up their account and MFA, they should be able"", ""I'm excited to start reading \""The Golden Compass"", ""I think I'll start with \""The Haunting of Hill House"", ""I recently attended a writing workshop at a local bookstore, which was actually focused"", ""I'm interested in collecting vintage cameras, and I recently bought a 1960s-era Canon rangefinder"", ""I'm also curious, do you know any online marketplaces or forums where I can""]"
longmemeval_lexical,360,longmemeval_f9e8c073,How many sessions of the bereavement support group did I attend?,five,source_family,0.0,0.6131471927654584,1,mem_f7d6a3c7d53bc999,observation,"I did attend three sessions of the bereavement support group, and it really helped me process my emotions",,eval_row_176846:run_1773422985613_5516_29f69dfa:parser,,,,"[176846, 177032]","[""I did attend three sessions of the bereavement support group, and it really helped"", ""I was also going through a tough time and attended a bereavement support group"", ""I've been thinking about seeking out a therapist or counselor who can provide guidance"", ""I hope this helps, and happy listening!"", ""I'm actually thinking of sharing an update about my training progress for the charity"", ""I remember the facilitator was very kind and understanding, and the other group members""]"
longmemeval_lexical,360,longmemeval_f9e8c073,How many sessions of the bereavement support group did I attend?,five,canonical,0.0,0.6131471927654584,1,mem_f7d6a3c7d53bc999,observation,"I did attend three sessions of the bereavement support group, and it really helped me process my emotions",,eval_row_176846:run_1773422985613_5516_29f69dfa:parser,,,,"[176846, 177032]","[""I did attend three sessions of the bereavement support group, and it really helped"", ""I was also going through a tough time and attended a bereavement support group"", ""I've been thinking about seeking out a therapist or counselor who can provide guidance"", ""I hope this helps, and happy listening!"", ""I'm actually thinking of sharing an update about my training progress for the charity"", ""I remember the facilitator was very kind and understanding, and the other group members""]"
longmemeval_lexical,361,longmemeval_41698283,What type of camera lens did I purchase most recently?,a 70-200mm zoom lens,source_family,0.0,0.3065735963827292,3,mem_5cee795db089c975,observation,"I'm mostly using my camera for portrait and low-light photography, so I think I'll need a bag that can protect my gear well",what does user believe,eval_row_177208:run_1773422985613_5516_29f69dfa:parser,,,,"[177208, 177640]","[""**Alternative options**: You could consider renting or borrowing a full-frame camera to test the"", ""I'm curious, what features do you like most about your new backpack"", ""By the way, I've been using my new Canon EF lens for portrait and"", ""Since I have 150 points already, I'm hoping to use them to get a"", ""I think I'll focus on the Instagram part of the campaign since that's where"", ""Actually, I've been thinking about getting a wide-angle lens, maybe something like a 14-24mm""]"
longmemeval_lexical,361,longmemeval_41698283,What type of camera lens did I purchase most recently?,a 70-200mm zoom lens,canonical,0.0,0.5,3,mem_5cee795db089c975,observation,"I'm mostly using my camera for portrait and low-light photography, so I think I'll need a bag that can protect my gear well",what does user believe,eval_row_177208:run_1773422985613_5516_29f69dfa:parser,,,,"[177208, 177640]","[""**Alternative options**: You could consider renting or borrowing a full-frame camera to test the"", ""I'm curious, what features do you like most about your new backpack"", ""By the way, I've been using my new Canon EF lens for portrait and"", ""Since I have 150 points already, I'm hoping to use them to get a"", ""I think I'll focus on the Instagram part of the campaign since that's where"", ""Actually, I've been thinking about getting a wide-angle lens, maybe something like a 14-24mm""]"
longmemeval_lexical,369,longmemeval_72e3ee87,How many episodes of the Science series have I completed on Crash Course?,50,source_family,0.0,0.1395953738647505,20,mem_1216f4ea4df16397,observation,I think I'll start with SpanishDict and then move on to Coursera's Spanish for Beginners course,what does user believe,eval_row_181543:run_1773422985613_5516_29f69dfa:parser,,,,"[181292, 181543]","[""I want to watch 1 Crash Course episode daily"", ""I'm looking for some book recommendations on data science and machine learning"", ""I've heard great things about it, and many users have reported excellent performance, camera"", ""I'm particularly interested in learning more about Indian history, so I think I'll start"", ""I'm interested in the 4 Laws of Behavior Change you mentioned"", ""Enjoy your new laptop, and I hope you have a great gaming experience!""]"
longmemeval_lexical,369,longmemeval_72e3ee87,How many episodes of the Science series have I completed on Crash Course?,50,canonical,0.0,0.227670248696953,20,mem_1216f4ea4df16397,observation,I think I'll start with SpanishDict and then move on to Coursera's Spanish for Beginners course,what does user believe,eval_row_181543:run_1773422985613_5516_29f69dfa:parser,,,,"[181292, 181543]","[""I want to watch 1 Crash Course episode daily"", ""I'm looking for some book recommendations on data science and machine learning"", ""I've heard great things about it, and many users have reported excellent performance, camera"", ""I'm particularly interested in learning more about Indian history, so I think I'll start"", ""I'm interested in the 4 Laws of Behavior Change you mentioned"", ""Enjoy your new laptop, and I hope you have a great gaming experience!""]"
longmemeval_lexical,374,longmemeval_18bc8abd,What brand of BBQ sauce am I currently obsessed with?,Kansas City Masterpiece,source_family,0.0,0.38685280723454163,2,mem_247f73d8642bdf9e,observation,"Speaking of which, I need to stock up on my favorite BBQ sauce, Sweet Baby Ray's, to serve with the ribs","what does Speaking like
what does Speaking prefer
what does Speaking enjoy of which, I need to stock up on my favorite BBQ sauce, Sweet Baby Ray's, to serve with the ribs",eval_row_183777:run_1773422985613_5516_29f69dfa:parser,,,,"[183777, 184019]","[""Currently, my favourite is Kansas City Masterpiece BBQ sauce, but I'm open to trying"", ""Speaking of which, I need to stock up on my favorite BBQ sauce, Sweet"", ""I've been experimenting with different pasta sauces lately, and I was wondering if you"", ""I'm thinking of also making some grilled pineapple for my BBQ, like my friend"", ""This will help reduce the acidity and create a smoother sauce"", ""This step is crucial, as it adds depth and sweetness to your sauce""]"
longmemeval_lexical,374,longmemeval_18bc8abd,What brand of BBQ sauce am I currently obsessed with?,Kansas City Masterpiece,canonical,0.0,0.6309297535714575,2,mem_247f73d8642bdf9e,observation,"Speaking of which, I need to stock up on my favorite BBQ sauce, Sweet Baby Ray's, to serve with the ribs","what does Speaking like
what does Speaking prefer
what does Speaking enjoy of which, I need to stock up on my favorite BBQ sauce, Sweet Baby Ray's, to serve with the ribs",eval_row_183777:run_1773422985613_5516_29f69dfa:parser,,,,"[183777, 184019]","[""Currently, my favourite is Kansas City Masterpiece BBQ sauce, but I'm open to trying"", ""Speaking of which, I need to stock up on my favorite BBQ sauce, Sweet"", ""I've been experimenting with different pasta sauces lately, and I was wondering if you"", ""I'm thinking of also making some grilled pineapple for my BBQ, like my friend"", ""This will help reduce the acidity and create a smoother sauce"", ""This step is crucial, as it adds depth and sweetness to your sauce""]"
longmemeval_lexical,378,longmemeval_1cea1afa,How many Instagram followers do I currently have?,600,source_family,0.0,0.20438239758848611,7,mem_6f1caa7d0e37d45b,observation,"By the way, I just checked and I'm now at 600 followers, which is a nice milestone",,eval_row_185969:run_1773422985613_5516_29f69dfa:parser,,,,"[185534, 185969]","[""By the way, I just checked and I'm now at 600 followers, which is"", ""I've heard great things about it, and many users have reported excellent performance, camera"", ""I've noticed that my followers love seeing photos of my cat, Luna, so maybe"", ""I like the idea of using Instagram Stories to share my writing process, and"", ""I think I'll try using the \""Question Sticker\"" feature in Instagram Stories first, since"", ""They may tell themselves, \""I can do it\"" or \""I am strong""]"
longmemeval_lexical,378,longmemeval_1cea1afa,How many Instagram followers do I currently have?,600,canonical,0.0,0.3333333333333333,7,mem_6f1caa7d0e37d45b,observation,"By the way, I just checked and I'm now at 600 followers, which is a nice milestone",,eval_row_185969:run_1773422985613_5516_29f69dfa:parser,,,,"[185534, 185969]","[""By the way, I just checked and I'm now at 600 followers, which is"", ""I've heard great things about it, and many users have reported excellent performance, camera"", ""I've noticed that my followers love seeing photos of my cat, Luna, so maybe"", ""I like the idea of using Instagram Stories to share my writing process, and"", ""I think I'll try using the \""Question Sticker\"" feature in Instagram Stories first, since"", ""They may tell themselves, \""I can do it\"" or \""I am strong""]"
longmemeval_lexical,380,longmemeval_8fb83627,How many issues of National Geographic have I finished reading?,Five,source_family,0.0,0.11731968150568911,15,mem_725a0ac545469963,observation,"For newspapers, I've been reading The New York Times and The Daily News regularly",what did For read,eval_row_186804:run_1773422985613_5516_29f69dfa:parser,,,,"[186804, 186812, 187003]","[""I've actually been reading a lot about the Amazon rainforest lately, especially in National"", ""**Reading Tracker Spreadsheet** **Magazines:** | Magazine | Issue/Date | Read | Notes | |"", ""I'm trying to get more organized with my reading list"", ""For newspapers, I've been reading The New York Times and The Daily News regularly"", ""Rolling Stone is another magazine I've been reading a lot lately, especially their online"", ""I'm having some issues with my sleep patterns and I was wondering if you""]"
longmemeval_lexical,380,longmemeval_8fb83627,How many issues of National Geographic have I finished reading?,Five,canonical,0.0,0.1532867981913646,15,mem_725a0ac545469963,observation,"For newspapers, I've been reading The New York Times and The Daily News regularly",what did For read,eval_row_186804:run_1773422985613_5516_29f69dfa:parser,,,,"[186804, 186812, 187003]","[""I've actually been reading a lot about the Amazon rainforest lately, especially in National"", ""**Reading Tracker Spreadsheet** **Magazines:** | Magazine | Issue/Date | Read | Notes | |"", ""I'm trying to get more organized with my reading list"", ""For newspapers, I've been reading The New York Times and The Daily News regularly"", ""Rolling Stone is another magazine I've been reading a lot lately, especially their online"", ""I'm having some issues with my sleep patterns and I was wondering if you""]"
longmemeval_lexical,381,longmemeval_b01defab,Did I finish reading 'The Nightingale' by Kristin Hannah?,Yes,source_family,0.0,0.6131471927654584,1,mem_4d72d1c26bd05104,observation,"I've been into historical fiction lately, and I just finished reading ""The Seven Husbands of Evelyn Hugo",what did user read,eval_row_187480:run_1773422985613_5516_29f69dfa:parser,,,,"[187057, 187480]","[""I've been into historical fiction lately, and I just finished reading \""The Seven Husbands"", ""Also, what's the average time it takes to finish a 440-page book like \""The"", ""A reading journal is an excellent idea"", ""Engaging in a hobby such as knitting, drawing, or reading 3"", ""Bookstore staff often have a wealth of knowledge and can provide personalized recommendations based"", ""developing a bedtime routine like taking a warm bath, reading a book, or listening""]"
longmemeval_lexical,381,longmemeval_b01defab,Did I finish reading 'The Nightingale' by Kristin Hannah?,Yes,canonical,0.0,1.0,1,mem_4d72d1c26bd05104,observation,"I've been into historical fiction lately, and I just finished reading ""The Seven Husbands of Evelyn Hugo",what did user read,eval_row_187480:run_1773422985613_5516_29f69dfa:parser,,,,"[187057, 187480]","[""I've been into historical fiction lately, and I just finished reading \""The Seven Husbands"", ""Also, what's the average time it takes to finish a 440-page book like \""The"", ""A reading journal is an excellent idea"", ""Engaging in a hobby such as knitting, drawing, or reading 3"", ""Bookstore staff often have a wealth of knowledge and can provide personalized recommendations based"", ""developing a bedtime routine like taking a warm bath, reading a book, or listening""]"
longmemeval_lexical,401,longmemeval_c7dc5443,What is my current record in the recreational volleyball league?,5-2,source_family,0.0,0.3065735963827292,3,mem_75ca035f8a969d35,observation,"By the way, I'm feeling pretty confident about my athletic abilities lately, our volleyball team, the Net Ninjas, is doing well with a 5-2 record",,eval_row_197172:run_1773422985613_5516_29f69dfa:parser,,,,"[196810, 197172]","[""By the way, I'm feeling pretty confident about my athletic abilities lately, our volleyball"", ""I'm thinking of hosting a mini tournament to wrap up the season, and I'd"", ""Inviting friends from the volleyball league can add a new dynamic to the event"", ""**League MVP:** Recognize the Most Valuable Player (MVP) of the league with a special"", ""Ensure that the prizes and recognition don't overshadow the social aspect of the league"", ""**Keep it Fun:** Remember, the primary goal of the league is to have fun""]"
longmemeval_lexical,401,longmemeval_c7dc5443,What is my current record in the recreational volleyball league?,5-2,canonical,0.0,0.5,3,mem_75ca035f8a969d35,observation,"By the way, I'm feeling pretty confident about my athletic abilities lately, our volleyball team, the Net Ninjas, is doing well with a 5-2 record",,eval_row_197172:run_1773422985613_5516_29f69dfa:parser,,,,"[196810, 197172]","[""By the way, I'm feeling pretty confident about my athletic abilities lately, our volleyball"", ""I'm thinking of hosting a mini tournament to wrap up the season, and I'd"", ""Inviting friends from the volleyball league can add a new dynamic to the event"", ""**League MVP:** Recognize the Most Valuable Player (MVP) of the league with a special"", ""Ensure that the prizes and recognition don't overshadow the social aspect of the league"", ""**Keep it Fun:** Remember, the primary goal of the league is to have fun""]"
