run_id,run_dir,result_json,target_rescore_json,trace_jsonl,architecture,dataset,dataset_label,system_label,listed_in_runs_md,is_internal_shard,is_full_eval,is_mini_eval,is_exploratory_name,analysis_tier,eval_set,fixture,eval_queries_requested,eval_queries_completed,eval_queries_failed,top_k,trace_top_k,parser_max_facts,has_target_rescore,has_trace,has_qa_metrics,trace_has_query_level_qa,benchmark_ndcg,benchmark_mrr,benchmark_recall_at_k,qa_f1_generated,qa_bleu1_generated,qa_f1_top1,qa_f1_concat3,qa_em_generated,qa_f1_no_stopwords,raw_queries,raw_zero_target_cases,raw_top1_hit_rate,raw_hit_rate_at_k,raw_recall_at_k,raw_mrr,raw_ndcg,raw_micro_recall_at_k,source_queries,source_zero_target_cases,source_top1_hit_rate,source_hit_rate_at_k,source_recall_at_k,source_mrr,source_ndcg,source_micro_recall_at_k,canonical_queries,canonical_zero_target_cases,canonical_top1_hit_rate,canonical_hit_rate_at_k,canonical_recall_at_k,canonical_mrr,canonical_ndcg,canonical_micro_recall_at_k,raw_vs_source_shared_queries,raw_vs_source_hit_flips,raw_vs_source_top1_flips,raw_vs_source_ndcg_changed,raw_vs_canonical_shared_queries,raw_vs_canonical_hit_flips,raw_vs_canonical_top1_flips,raw_vs_canonical_ndcg_changed,source_vs_canonical_shared_queries,source_vs_canonical_hit_flips,source_vs_canonical_top1_flips,source_vs_canonical_ndcg_changed
20260315T072555Z_locomo_mem0_full_appendonly_overnight,C:\Users\sugam\Documents\research\papers\store-aware-retrieval-evaluation-for-transformed-conversational-memory-stores\eval\results\target_sensitivity_mem0\20260315T072555Z_locomo_mem0_full_appendonly_overnight,C:\Users\sugam\Documents\research\papers\store-aware-retrieval-evaluation-for-transformed-conversational-memory-stores\eval\results\target_sensitivity_mem0\20260315T072555Z_locomo_mem0_full_appendonly_overnight\result.json,C:\Users\sugam\Documents\research\papers\store-aware-retrieval-evaluation-for-transformed-conversational-memory-stores\eval\results\target_sensitivity_mem0\20260315T072555Z_locomo_mem0_full_appendonly_overnight\target_rescore.json,C:\Users\sugam\Documents\research\papers\store-aware-retrieval-evaluation-for-transformed-conversational-memory-stores\eval\results\target_sensitivity_mem0\20260315T072555Z_locomo_mem0_full_appendonly_overnight\trace.jsonl,mem0,LoCoMo,LoCoMo (Mem0),mem0 / append-only,True,False,True,False,False,transfer_full,C:\Users\sugam\Documents\research\papers\store-aware-retrieval-evaluation-for-transformed-conversational-memory-stores\eval\data\locomo10.paperlite.eval.json,C:\Users\sugam\Documents\research\papers\store-aware-retrieval-evaluation-for-transformed-conversational-memory-stores\eval\data\locomo10.paperlite.fixture.json,1977,1977,0,60,60,,True,True,False,False,,,,,,,,,,1977,0,0.03894790085988872,0.7749114820435002,0.7231065706000757,0.15765988321522412,0.2748920715788433,0.64349376114082,1977,0,0.511380880121396,0.9590288315629742,0.9454258916152345,0.6202129593145491,0.662543604120512,0.9294117647058824,1977,0,0.47243297926150735,0.919069296914517,0.9014910122880496,0.5768049678394517,0.6168968319731423,0.8909090909090909,1977,364,934,1627,1977,443,1011,1896,1977,79,77,324
20260315T061249Z_locomo_mem0_probe_c1_appendonly,C:\Users\sugam\Documents\research\papers\store-aware-retrieval-evaluation-for-transformed-conversational-memory-stores\eval\results\target_sensitivity_mem0\20260315T061249Z_locomo_mem0_probe_c1_appendonly,C:\Users\sugam\Documents\research\papers\store-aware-retrieval-evaluation-for-transformed-conversational-memory-stores\eval\results\target_sensitivity_mem0\20260315T061249Z_locomo_mem0_probe_c1_appendonly\result.json,C:\Users\sugam\Documents\research\papers\store-aware-retrieval-evaluation-for-transformed-conversational-memory-stores\eval\results\target_sensitivity_mem0\20260315T061249Z_locomo_mem0_probe_c1_appendonly\target_rescore.json,C:\Users\sugam\Documents\research\papers\store-aware-retrieval-evaluation-for-transformed-conversational-memory-stores\eval\results\target_sensitivity_mem0\20260315T061249Z_locomo_mem0_probe_c1_appendonly\trace.jsonl,mem0,LoCoMo,LoCoMo,mem0 / append_only,False,False,False,True,True,mini,C:\Users\sugam\Documents\research\papers\store-aware-retrieval-evaluation-for-transformed-conversational-memory-stores\eval\data\locomo10.paperlite.mini1.eval.json,C:\Users\sugam\Documents\research\papers\store-aware-retrieval-evaluation-for-transformed-conversational-memory-stores\eval\data\locomo10.paperlite.mini1.fixture.json,196,196,0,60,60,,True,True,False,False,,,,,,,,,,196,0,0.0,0.0,0.0,0.0,0.0,0.0,196,0,0.5204081632653061,0.9846938775510204,0.9766156462585035,0.6267705903098186,0.6818789632604956,0.9718875502008032,196,0,0.5204081632653061,0.9846938775510204,0.9766156462585035,0.6267705903098186,0.6818789632604956,0.9718875502008032,196,193,102,193,196,193,102,193,196,0,0,0
20260315T062821Z_locomo_mem0_probe_c1_rawonly,C:\Users\sugam\Documents\research\papers\store-aware-retrieval-evaluation-for-transformed-conversational-memory-stores\eval\results\target_sensitivity_mem0\20260315T062821Z_locomo_mem0_probe_c1_rawonly,C:\Users\sugam\Documents\research\papers\store-aware-retrieval-evaluation-for-transformed-conversational-memory-stores\eval\results\target_sensitivity_mem0\20260315T062821Z_locomo_mem0_probe_c1_rawonly\result.json,C:\Users\sugam\Documents\research\papers\store-aware-retrieval-evaluation-for-transformed-conversational-memory-stores\eval\results\target_sensitivity_mem0\20260315T062821Z_locomo_mem0_probe_c1_rawonly\target_rescore.json,C:\Users\sugam\Documents\research\papers\store-aware-retrieval-evaluation-for-transformed-conversational-memory-stores\eval\results\target_sensitivity_mem0\20260315T062821Z_locomo_mem0_probe_c1_rawonly\trace.jsonl,mem0,LoCoMo,LoCoMo,mem0 / append_only,False,False,False,True,True,mini,C:\Users\sugam\Documents\research\papers\store-aware-retrieval-evaluation-for-transformed-conversational-memory-stores\eval\data\locomo10.paperlite.mini1.eval.json,C:\Users\sugam\Documents\research\papers\store-aware-retrieval-evaluation-for-transformed-conversational-memory-stores\eval\data\locomo10.paperlite.mini1.fixture.json,196,196,0,60,60,,True,True,False,False,,,,,,,,,,196,0,0.0,0.0,0.0,0.0,0.0,0.0,196,0,0.0,0.0,0.0,0.0,0.0,0.0,0,196,,,,,,,196,0,0,0,0,0,0,0,0,0,0,0
20260315T063050Z_locomo_mem0_probe_c1_rawonly_fixed,C:\Users\sugam\Documents\research\papers\store-aware-retrieval-evaluation-for-transformed-conversational-memory-stores\eval\results\target_sensitivity_mem0\20260315T063050Z_locomo_mem0_probe_c1_rawonly_fixed,C:\Users\sugam\Documents\research\papers\store-aware-retrieval-evaluation-for-transformed-conversational-memory-stores\eval\results\target_sensitivity_mem0\20260315T063050Z_locomo_mem0_probe_c1_rawonly_fixed\result.json,C:\Users\sugam\Documents\research\papers\store-aware-retrieval-evaluation-for-transformed-conversational-memory-stores\eval\results\target_sensitivity_mem0\20260315T063050Z_locomo_mem0_probe_c1_rawonly_fixed\target_rescore.json,C:\Users\sugam\Documents\research\papers\store-aware-retrieval-evaluation-for-transformed-conversational-memory-stores\eval\results\target_sensitivity_mem0\20260315T063050Z_locomo_mem0_probe_c1_rawonly_fixed\trace.jsonl,mem0,LoCoMo,LoCoMo,mem0 / append_only,False,False,False,True,True,mini,C:\Users\sugam\Documents\research\papers\store-aware-retrieval-evaluation-for-transformed-conversational-memory-stores\eval\data\locomo10.paperlite.mini1.eval.json,C:\Users\sugam\Documents\research\papers\store-aware-retrieval-evaluation-for-transformed-conversational-memory-stores\eval\data\locomo10.paperlite.mini1.fixture.json,196,196,0,60,60,,True,True,False,False,,,,,,,,,,196,0,0.29591836734693877,0.923469387755102,0.883078231292517,0.42988728525547826,0.5254075516680223,0.8433734939759037,196,0,0.29591836734693877,0.923469387755102,0.883078231292517,0.42988728525547826,0.5254075516680223,0.8433734939759037,0,196,,,,,,,196,0,0,0,0,0,0,0,0,0,0,0
20260315T063740Z_locomo_mem0_probe_c1_appendonly_v2,C:\Users\sugam\Documents\research\papers\store-aware-retrieval-evaluation-for-transformed-conversational-memory-stores\eval\results\target_sensitivity_mem0\20260315T063740Z_locomo_mem0_probe_c1_appendonly_v2,C:\Users\sugam\Documents\research\papers\store-aware-retrieval-evaluation-for-transformed-conversational-memory-stores\eval\results\target_sensitivity_mem0\20260315T063740Z_locomo_mem0_probe_c1_appendonly_v2\result.json,C:\Users\sugam\Documents\research\papers\store-aware-retrieval-evaluation-for-transformed-conversational-memory-stores\eval\results\target_sensitivity_mem0\20260315T063740Z_locomo_mem0_probe_c1_appendonly_v2\target_rescore.json,C:\Users\sugam\Documents\research\papers\store-aware-retrieval-evaluation-for-transformed-conversational-memory-stores\eval\results\target_sensitivity_mem0\20260315T063740Z_locomo_mem0_probe_c1_appendonly_v2\trace.jsonl,mem0,LoCoMo,LoCoMo,mem0 / append_only,False,False,False,True,True,mini,C:\Users\sugam\Documents\research\papers\store-aware-retrieval-evaluation-for-transformed-conversational-memory-stores\eval\data\locomo10.paperlite.mini1.eval.json,C:\Users\sugam\Documents\research\papers\store-aware-retrieval-evaluation-for-transformed-conversational-memory-stores\eval\data\locomo10.paperlite.mini1.fixture.json,196,196,0,60,60,,True,True,False,False,,,,,,,,,,196,0,0.061224489795918366,0.8520408163265306,0.8078231292517007,0.2020626348475361,0.3283346470826811,0.7469879518072289,196,0,0.5306122448979592,0.9897959183673469,0.9787414965986394,0.6458401565680727,0.6994389667653882,0.963855421686747,196,0,0.46938775510204084,0.9438775510204082,0.923469387755102,0.5814156329479544,0.6367246160846693,0.9116465863453815,196,27,92,162,196,36,104,194,196,9,12,36
20260315T064855Z_locomo_mem0_pilot_c3_appendonly_v3,C:\Users\sugam\Documents\research\papers\store-aware-retrieval-evaluation-for-transformed-conversational-memory-stores\eval\results\target_sensitivity_mem0\20260315T064855Z_locomo_mem0_pilot_c3_appendonly_v3,C:\Users\sugam\Documents\research\papers\store-aware-retrieval-evaluation-for-transformed-conversational-memory-stores\eval\results\target_sensitivity_mem0\20260315T064855Z_locomo_mem0_pilot_c3_appendonly_v3\result.json,C:\Users\sugam\Documents\research\papers\store-aware-retrieval-evaluation-for-transformed-conversational-memory-stores\eval\results\target_sensitivity_mem0\20260315T064855Z_locomo_mem0_pilot_c3_appendonly_v3\target_rescore.json,C:\Users\sugam\Documents\research\papers\store-aware-retrieval-evaluation-for-transformed-conversational-memory-stores\eval\results\target_sensitivity_mem0\20260315T064855Z_locomo_mem0_pilot_c3_appendonly_v3\trace.jsonl,mem0,LoCoMo,LoCoMo,mem0 / append_only,False,False,False,True,False,mini,C:\Users\sugam\Documents\research\papers\store-aware-retrieval-evaluation-for-transformed-conversational-memory-stores\eval\data\locomo10.paperlite.mini3.eval.json,C:\Users\sugam\Documents\research\papers\store-aware-retrieval-evaluation-for-transformed-conversational-memory-stores\eval\data\locomo10.paperlite.mini3.fixture.json,494,494,0,60,60,,True,True,False,False,,,,,,,,,,494,0,0.05668016194331984,0.8036437246963563,0.7648110661268556,0.17799542603853258,0.29823701290071986,0.7083993660855784,494,0,0.5465587044534413,0.9817813765182186,0.9710863697705804,0.6553346221333031,0.7047279640973114,0.9556259904912837,494,0,0.4898785425101215,0.937246963562753,0.9198043184885291,0.6012763741181445,0.6506295512525121,0.9096671949286846,494,88,242,413,494,110,270,485,494,22,28,85
20260315T072945Z_locomo_mem0_smoke_inferworkers,C:\Users\sugam\Documents\research\papers\store-aware-retrieval-evaluation-for-transformed-conversational-memory-stores\eval\results\target_sensitivity_mem0\20260315T072945Z_locomo_mem0_smoke_inferworkers,C:\Users\sugam\Documents\research\papers\store-aware-retrieval-evaluation-for-transformed-conversational-memory-stores\eval\results\target_sensitivity_mem0\20260315T072945Z_locomo_mem0_smoke_inferworkers\result.json,C:\Users\sugam\Documents\research\papers\store-aware-retrieval-evaluation-for-transformed-conversational-memory-stores\eval\results\target_sensitivity_mem0\20260315T072945Z_locomo_mem0_smoke_inferworkers\target_rescore.json,C:\Users\sugam\Documents\research\papers\store-aware-retrieval-evaluation-for-transformed-conversational-memory-stores\eval\results\target_sensitivity_mem0\20260315T072945Z_locomo_mem0_smoke_inferworkers\trace.jsonl,mem0,LoCoMo,LoCoMo,mem0 / append_only,False,False,True,False,True,exploratory,C:\Users\sugam\Documents\research\papers\store-aware-retrieval-evaluation-for-transformed-conversational-memory-stores\eval\data\tmp_locomo_mem0_smoke.eval.json,C:\Users\sugam\Documents\research\papers\store-aware-retrieval-evaluation-for-transformed-conversational-memory-stores\eval\data\tmp_locomo_mem0_smoke.fixture.json,10,10,0,60,60,,True,True,False,False,,,,,,,,,,10,0,0.0,0.9,0.9,0.20688095238095236,0.3583550017719094,0.9166666666666666,10,0,0.6,1.0,1.0,0.7266666666666666,0.7311984731185491,1.0,10,0,0.6,1.0,1.0,0.6969047619047618,0.7017831563645925,1.0,10,1,6,9,10,1,6,10,10,0,0,1
20260315T051004Z_locomo_mem0_pilot_c3_local,C:\Users\sugam\Documents\research\papers\store-aware-retrieval-evaluation-for-transformed-conversational-memory-stores\eval\results\target_sensitivity_mem0\20260315T051004Z_locomo_mem0_pilot_c3_local,C:\Users\sugam\Documents\research\papers\store-aware-retrieval-evaluation-for-transformed-conversational-memory-stores\eval\results\target_sensitivity_mem0\20260315T051004Z_locomo_mem0_pilot_c3_local\result.json,C:\Users\sugam\Documents\research\papers\store-aware-retrieval-evaluation-for-transformed-conversational-memory-stores\eval\results\target_sensitivity_mem0\20260315T051004Z_locomo_mem0_pilot_c3_local\target_rescore.json,C:\Users\sugam\Documents\research\papers\store-aware-retrieval-evaluation-for-transformed-conversational-memory-stores\eval\results\target_sensitivity_mem0\20260315T051004Z_locomo_mem0_pilot_c3_local\trace.jsonl,mem0,LoCoMo,LoCoMo,mem0 / unknown,False,False,False,True,False,mini,C:\Users\sugam\Documents\research\papers\store-aware-retrieval-evaluation-for-transformed-conversational-memory-stores\eval\data\locomo10.paperlite.mini3.eval.json,C:\Users\sugam\Documents\research\papers\store-aware-retrieval-evaluation-for-transformed-conversational-memory-stores\eval\data\locomo10.paperlite.mini3.fixture.json,494,494,0,60,60,,True,True,False,False,,,,,,,,,,433,61,0.0,0.0,0.0,0.0,0.0,0.0,435,59,0.0,0.0,0.0,0.0,0.0,0.0,23,471,0.0,0.0,0.0,0.0,0.0,0.0,433,0,0,0,21,0,0,0,23,0,0,0
20260315T051625Z_locomo_mem0_pilot_c3_local_fixed,C:\Users\sugam\Documents\research\papers\store-aware-retrieval-evaluation-for-transformed-conversational-memory-stores\eval\results\target_sensitivity_mem0\20260315T051625Z_locomo_mem0_pilot_c3_local_fixed,C:\Users\sugam\Documents\research\papers\store-aware-retrieval-evaluation-for-transformed-conversational-memory-stores\eval\results\target_sensitivity_mem0\20260315T051625Z_locomo_mem0_pilot_c3_local_fixed\result.json,C:\Users\sugam\Documents\research\papers\store-aware-retrieval-evaluation-for-transformed-conversational-memory-stores\eval\results\target_sensitivity_mem0\20260315T051625Z_locomo_mem0_pilot_c3_local_fixed\target_rescore.json,C:\Users\sugam\Documents\research\papers\store-aware-retrieval-evaluation-for-transformed-conversational-memory-stores\eval\results\target_sensitivity_mem0\20260315T051625Z_locomo_mem0_pilot_c3_local_fixed\trace.jsonl,mem0,LoCoMo,LoCoMo,mem0 / unknown,False,False,False,True,False,mini,C:\Users\sugam\Documents\research\papers\store-aware-retrieval-evaluation-for-transformed-conversational-memory-stores\eval\data\locomo10.paperlite.mini3.eval.json,C:\Users\sugam\Documents\research\papers\store-aware-retrieval-evaluation-for-transformed-conversational-memory-stores\eval\data\locomo10.paperlite.mini3.fixture.json,494,494,0,60,60,,True,True,False,False,,,,,,,,,,494,0,0.2651821862348178,0.8987854251012146,0.8673414304993253,0.39898759043641996,0.49275692000861226,0.8351822503961965,494,0,0.32793522267206476,0.9048582995951417,0.8727395411605938,0.45831516771604724,0.5363063944930351,0.8446909667194928,317,177,0.09779179810725552,0.4384858044164038,0.4152471083070452,0.17219551240900333,0.21701159106599352,0.38666666666666666,494,3,31,73,317,159,102,295,317,156,71,240
20260315T052731Z_locomo_mem0_pilot_c3_local_fixed4,C:\Users\sugam\Documents\research\papers\store-aware-retrieval-evaluation-for-transformed-conversational-memory-stores\eval\results\target_sensitivity_mem0\20260315T052731Z_locomo_mem0_pilot_c3_local_fixed4,C:\Users\sugam\Documents\research\papers\store-aware-retrieval-evaluation-for-transformed-conversational-memory-stores\eval\results\target_sensitivity_mem0\20260315T052731Z_locomo_mem0_pilot_c3_local_fixed4\result.json,C:\Users\sugam\Documents\research\papers\store-aware-retrieval-evaluation-for-transformed-conversational-memory-stores\eval\results\target_sensitivity_mem0\20260315T052731Z_locomo_mem0_pilot_c3_local_fixed4\target_rescore.json,C:\Users\sugam\Documents\research\papers\store-aware-retrieval-evaluation-for-transformed-conversational-memory-stores\eval\results\target_sensitivity_mem0\20260315T052731Z_locomo_mem0_pilot_c3_local_fixed4\trace.jsonl,mem0,LoCoMo,LoCoMo,mem0 / unknown,False,False,False,True,False,mini,C:\Users\sugam\Documents\research\papers\store-aware-retrieval-evaluation-for-transformed-conversational-memory-stores\eval\data\locomo10.paperlite.mini3.eval.json,C:\Users\sugam\Documents\research\papers\store-aware-retrieval-evaluation-for-transformed-conversational-memory-stores\eval\data\locomo10.paperlite.mini3.fixture.json,494,494,0,60,60,,True,True,False,False,,,,,,,,,,494,0,0.13562753036437247,0.854251012145749,0.8225708502024291,0.26984556832633544,0.3809878117442558,0.7812995245641838,494,0,0.4109311740890688,0.9412955465587044,0.918353576248313,0.5241483413371951,0.5917437188039484,0.8922345483359746,435,59,0.31264367816091954,0.7540229885057471,0.7270114942528736,0.3908925901990357,0.4439840048513501,0.7199248120300752,494,43,136,243,435,127,189,412,435,84,53,203
20260315T210604Z_locomo10_full,C:\Users\sugam\Documents\research\papers\store-aware-retrieval-evaluation-for-transformed-conversational-memory-stores\eval\results\target_sensitivity_memoryos\20260315T210604Z_locomo10_full,C:\Users\sugam\Documents\research\papers\store-aware-retrieval-evaluation-for-transformed-conversational-memory-stores\eval\results\target_sensitivity_memoryos\20260315T210604Z_locomo10_full\result.json,C:\Users\sugam\Documents\research\papers\store-aware-retrieval-evaluation-for-transformed-conversational-memory-stores\eval\results\target_sensitivity_memoryos\20260315T210604Z_locomo10_full\target_rescore.json,C:\Users\sugam\Documents\research\papers\store-aware-retrieval-evaluation-for-transformed-conversational-memory-stores\eval\results\target_sensitivity_memoryos\20260315T210604Z_locomo10_full\trace.jsonl,memoryos,LoCoMo,LoCoMo (MemoryOS),memoryos / qwen2.5:7b + mxbai-embed-large,True,False,True,False,False,transfer_full,C:\Users\sugam\Documents\research\papers\store-aware-retrieval-evaluation-for-transformed-conversational-memory-stores\eval\data\locomo10.paperlite.eval.json,C:\Users\sugam\Documents\research\papers\store-aware-retrieval-evaluation-for-transformed-conversational-memory-stores\eval\data\locomo10.paperlite.fixture.json,1977,1977,0,60,60,,True,True,False,False,,,,,,,,,,1977,0,0.2862923621648963,0.8219524532119373,0.7704566674589974,0.36391432021170567,0.4339403952047801,0.7065953654188948,1977,0,0.2862923621648963,0.9964592817400101,0.9937483440518342,0.48075205070848,0.5794368817629286,0.9907308377896613,1977,0,0.0,0.9929185634800203,0.9896849483344171,0.2646605987733539,0.4091107653245528,0.9868092691622103,1977,345,0,1236,1977,352,566,1970,1977,7,566,925
20260315T205938Z_smoke2,C:\Users\sugam\Documents\research\papers\store-aware-retrieval-evaluation-for-transformed-conversational-memory-stores\eval\results\target_sensitivity_memoryos\20260315T205938Z_smoke2,C:\Users\sugam\Documents\research\papers\store-aware-retrieval-evaluation-for-transformed-conversational-memory-stores\eval\results\target_sensitivity_memoryos\20260315T205938Z_smoke2\result.json,C:\Users\sugam\Documents\research\papers\store-aware-retrieval-evaluation-for-transformed-conversational-memory-stores\eval\results\target_sensitivity_memoryos\20260315T205938Z_smoke2\target_rescore.json,C:\Users\sugam\Documents\research\papers\store-aware-retrieval-evaluation-for-transformed-conversational-memory-stores\eval\results\target_sensitivity_memoryos\20260315T205938Z_smoke2\trace.jsonl,memoryos,LoCoMo,LoCoMo,memoryos / transformed,False,False,False,True,True,mini,C:\Users\sugam\Documents\research\papers\store-aware-retrieval-evaluation-for-transformed-conversational-memory-stores\eval\data\locomo10.paperlite.mini1.eval.json,C:\Users\sugam\Documents\research\papers\store-aware-retrieval-evaluation-for-transformed-conversational-memory-stores\eval\data\locomo10.paperlite.mini1.fixture.json,4,4,0,60,60,,True,True,False,False,,,,,,,,,,4,0,0.5,0.5,0.5,0.5,0.44943072238625664,0.6,4,0,0.5,0.5,0.5,0.5,0.44943072238625664,0.6,0,4,,,,,,,4,0,0,0,0,0,0,0,0,0,0,0
20260315T210212Z_calib1,C:\Users\sugam\Documents\research\papers\store-aware-retrieval-evaluation-for-transformed-conversational-memory-stores\eval\results\target_sensitivity_memoryos\20260315T210212Z_calib1,C:\Users\sugam\Documents\research\papers\store-aware-retrieval-evaluation-for-transformed-conversational-memory-stores\eval\results\target_sensitivity_memoryos\20260315T210212Z_calib1\result.json,C:\Users\sugam\Documents\research\papers\store-aware-retrieval-evaluation-for-transformed-conversational-memory-stores\eval\results\target_sensitivity_memoryos\20260315T210212Z_calib1\target_rescore.json,C:\Users\sugam\Documents\research\papers\store-aware-retrieval-evaluation-for-transformed-conversational-memory-stores\eval\results\target_sensitivity_memoryos\20260315T210212Z_calib1\trace.jsonl,memoryos,LoCoMo,LoCoMo,memoryos / transformed,False,False,False,True,False,mini,C:\Users\sugam\Documents\research\papers\store-aware-retrieval-evaluation-for-transformed-conversational-memory-stores\eval\data\locomo10.paperlite.mini1.eval.json,C:\Users\sugam\Documents\research\papers\store-aware-retrieval-evaluation-for-transformed-conversational-memory-stores\eval\data\locomo10.paperlite.mini1.fixture.json,196,196,0,60,60,,True,True,False,False,,,,,,,,,,196,0,0.29591836734693877,0.8877551020408163,0.8405612244897959,0.37724542356057233,0.4692877411448826,0.7871485943775101,196,0,0.29591836734693877,0.8877551020408163,0.8405612244897959,0.37724542356057233,0.4692877411448826,0.7871485943775101,0,196,,,,,,,196,0,0,0,0,0,0,0,0,0,0,0
20260315T210434Z_calib2,C:\Users\sugam\Documents\research\papers\store-aware-retrieval-evaluation-for-transformed-conversational-memory-stores\eval\results\target_sensitivity_memoryos\20260315T210434Z_calib2,C:\Users\sugam\Documents\research\papers\store-aware-retrieval-evaluation-for-transformed-conversational-memory-stores\eval\results\target_sensitivity_memoryos\20260315T210434Z_calib2\result.json,C:\Users\sugam\Documents\research\papers\store-aware-retrieval-evaluation-for-transformed-conversational-memory-stores\eval\results\target_sensitivity_memoryos\20260315T210434Z_calib2\target_rescore.json,C:\Users\sugam\Documents\research\papers\store-aware-retrieval-evaluation-for-transformed-conversational-memory-stores\eval\results\target_sensitivity_memoryos\20260315T210434Z_calib2\trace.jsonl,memoryos,LoCoMo,LoCoMo,memoryos / transformed,False,False,False,True,False,mini,C:\Users\sugam\Documents\research\papers\store-aware-retrieval-evaluation-for-transformed-conversational-memory-stores\eval\data\locomo10.paperlite.mini1.eval.json,C:\Users\sugam\Documents\research\papers\store-aware-retrieval-evaluation-for-transformed-conversational-memory-stores\eval\data\locomo10.paperlite.mini1.fixture.json,196,196,0,60,60,,True,True,False,False,,,,,,,,,,196,0,0.29591836734693877,0.8877551020408163,0.8405612244897959,0.37724542356057233,0.4692877411448826,0.7871485943775101,196,0,0.29591836734693877,1.0,1.0,0.47765169983244726,0.5877196761233888,1.0,196,0,0.0,1.0,1.0,0.26120589053137083,0.4161415377850067,1.0,196,22,0,110,196,22,58,196,196,0,58,100
20260313T065540Z_lexical_full_facts1,C:\Users\sugam\Documents\research\papers\store-aware-retrieval-evaluation-for-transformed-conversational-memory-stores\eval\results\target_sensitivity\20260313T065540Z_lexical_full_facts1,C:\Users\sugam\Documents\research\papers\store-aware-retrieval-evaluation-for-transformed-conversational-memory-stores\eval\results\target_sensitivity\20260313T065540Z_lexical_full_facts1\result.json,C:\Users\sugam\Documents\research\papers\store-aware-retrieval-evaluation-for-transformed-conversational-memory-stores\eval\results\target_sensitivity\20260313T065540Z_lexical_full_facts1\target_rescore.json,C:\Users\sugam\Documents\research\papers\store-aware-retrieval-evaluation-for-transformed-conversational-memory-stores\eval\results\target_sensitivity\20260313T065540Z_lexical_full_facts1\trace.jsonl,native,LoCoMo,LoCoMo,lexical / all-minilm,False,False,True,False,False,native_full_primary,research/data/locomo10.paperlite.eval.json,research/data/locomo10.paperlite.fixture.json,1533,1533,0,60,60,1,True,True,True,True,0.2713009046703285,0.18024934077638982,0.6976555018677855,0.127643078160777,0.10204791608763719,0.09251018385043519,0.08314517281086946,0.0091324200913242,0.11996212672678931,1533,0,0.001304631441617743,0.7286366601435095,0.6572524312427558,0.05846303993589389,0.176480832098281,0.5607158074137196,1533,0,0.10828440965427266,0.7742987606001305,0.6976555018677855,0.18024934077638982,0.2713009046703286,0.6071580741371965,453,1080,0.3620309050772627,0.8300220750551877,0.8069168506254599,0.480641166944539,0.5471971787406199,0.780718336483932,1533,70,164,375,453,95,164,401,453,25,0,153
20260313T022136Z_lexical_smoke_skipaudit,C:\Users\sugam\Documents\research\papers\store-aware-retrieval-evaluation-for-transformed-conversational-memory-stores\eval\results\target_sensitivity\20260313T022136Z_lexical_smoke_skipaudit,C:\Users\sugam\Documents\research\papers\store-aware-retrieval-evaluation-for-transformed-conversational-memory-stores\eval\results\target_sensitivity\20260313T022136Z_lexical_smoke_skipaudit\result.json,C:\Users\sugam\Documents\research\papers\store-aware-retrieval-evaluation-for-transformed-conversational-memory-stores\eval\results\target_sensitivity\20260313T022136Z_lexical_smoke_skipaudit\target_rescore.json,C:\Users\sugam\Documents\research\papers\store-aware-retrieval-evaluation-for-transformed-conversational-memory-stores\eval\results\target_sensitivity\20260313T022136Z_lexical_smoke_skipaudit\trace.jsonl,native,LoCoMo,LoCoMo,lexical / all-minilm,False,False,False,True,True,mini,research/data/locomo10.paperlite.mini2.eval.json,research/data/locomo10.paperlite.mini2.fixture.json,24,24,0,60,60,5,True,True,True,True,0.2187321436093332,0.12626009136627905,0.6805555555555557,0.1542884199134199,0.13396540022612816,0.1305091044221479,0.13131878770669328,0.0,0.15094773647405227,24,0,0.0,0.6666666666666666,0.6041666666666666,0.05687863376220484,0.1609486377545149,0.5161290322580645,24,0,0.041666666666666664,0.7916666666666666,0.6805555555555557,0.12626009136627905,0.2187321436093332,0.6451612903225806,15,9,0.06666666666666667,0.7333333333333333,0.6666666666666666,0.13518492243129923,0.2393211572767027,0.6666666666666666,24,3,1,7,15,5,1,13,15,2,0,8
20260313T022933Z_lexical_smoke_bigger,C:\Users\sugam\Documents\research\papers\store-aware-retrieval-evaluation-for-transformed-conversational-memory-stores\eval\results\target_sensitivity\20260313T022933Z_lexical_smoke_bigger,C:\Users\sugam\Documents\research\papers\store-aware-retrieval-evaluation-for-transformed-conversational-memory-stores\eval\results\target_sensitivity\20260313T022933Z_lexical_smoke_bigger\result.json,C:\Users\sugam\Documents\research\papers\store-aware-retrieval-evaluation-for-transformed-conversational-memory-stores\eval\results\target_sensitivity\20260313T022933Z_lexical_smoke_bigger\target_rescore.json,C:\Users\sugam\Documents\research\papers\store-aware-retrieval-evaluation-for-transformed-conversational-memory-stores\eval\results\target_sensitivity\20260313T022933Z_lexical_smoke_bigger\trace.jsonl,native,LoCoMo,LoCoMo,lexical / all-minilm,False,False,False,True,True,mini,research/data/locomo10.paperlite.mini4.eval.json,research/data/locomo10.paperlite.mini4.fixture.json,80,80,0,60,60,5,True,True,True,True,0.2911153720208127,0.20700537353881723,0.6637500000000001,0.1690673986377101,0.13311669134460993,0.11637373406197371,0.11762639539968785,0.0125,0.16941160995437313,80,0,0.0,0.6125,0.5883333333333333,0.06145119645440391,0.16512755752662583,0.5094339622641509,80,0,0.15,0.7,0.6637500000000001,0.20700537353881723,0.2911153720208127,0.5943396226415094,40,40,0.3,0.775,0.7625,0.37641139923588773,0.45483615289944923,0.7,80,7,12,28,40,9,12,33,40,2,0,10
20260313T023254Z_lexical_full,C:\Users\sugam\Documents\research\papers\store-aware-retrieval-evaluation-for-transformed-conversational-memory-stores\eval\results\target_sensitivity\20260313T023254Z_lexical_full,C:\Users\sugam\Documents\research\papers\store-aware-retrieval-evaluation-for-transformed-conversational-memory-stores\eval\results\target_sensitivity\20260313T023254Z_lexical_full\result.json,C:\Users\sugam\Documents\research\papers\store-aware-retrieval-evaluation-for-transformed-conversational-memory-stores\eval\results\target_sensitivity\20260313T023254Z_lexical_full\target_rescore.json,C:\Users\sugam\Documents\research\papers\store-aware-retrieval-evaluation-for-transformed-conversational-memory-stores\eval\results\target_sensitivity\20260313T023254Z_lexical_full\trace.jsonl,native,LoCoMo,LoCoMo,lexical / all-minilm,True,False,True,False,False,native_full_primary,research/data/locomo10.paperlite.eval.json,research/data/locomo10.paperlite.fixture.json,1533,1533,0,60,60,5,True,True,True,True,0.28978416795952355,0.20451309839346463,0.691789667226194,0.12902670501248967,0.10331677736875297,0.10079017051071522,0.09024351757648102,0.012393998695368558,0.12290617374914718,1533,0,0.01304631441617743,0.6581865622961514,0.5980398582714204,0.07332389164874097,0.1764301317686248,0.4737963357477631,1533,0,0.1258969341161122,0.776255707762557,0.691789667226194,0.20451309839346463,0.28978416795952355,0.5977844056242011,899,634,0.19243604004449388,0.7730812013348165,0.7163500076737008,0.27498519924744674,0.3556443255693346,0.681438127090301,1533,181,173,526,899,244,193,758,899,63,20,397
20260313T034928Z_wrapper_sanity,C:\Users\sugam\Documents\research\papers\store-aware-retrieval-evaluation-for-transformed-conversational-memory-stores\eval\results\target_sensitivity\20260313T034928Z_wrapper_sanity,C:\Users\sugam\Documents\research\papers\store-aware-retrieval-evaluation-for-transformed-conversational-memory-stores\eval\results\target_sensitivity\20260313T034928Z_wrapper_sanity\result.json,C:\Users\sugam\Documents\research\papers\store-aware-retrieval-evaluation-for-transformed-conversational-memory-stores\eval\results\target_sensitivity\20260313T034928Z_wrapper_sanity\target_rescore.json,C:\Users\sugam\Documents\research\papers\store-aware-retrieval-evaluation-for-transformed-conversational-memory-stores\eval\results\target_sensitivity\20260313T034928Z_wrapper_sanity\trace.jsonl,native,LoCoMo,LoCoMo,lexical / all-minilm,False,False,False,True,True,mini,research/data/locomo10.paperlite.mini1.eval.json,research/data/locomo10.paperlite.mini1.fixture.json,4,4,0,20,20,5,True,True,True,True,0.75,0.75,0.75,0.13194444444444445,0.07917038305238325,0.18840579710144928,0.0856760374832664,0.0,0.1527777777777778,4,0,0.25,0.75,0.75,0.356060606060606,0.44473573641278247,0.75,4,0,0.75,0.75,0.75,0.75,0.75,0.75,4,0,0.5,0.75,0.75,0.5277777777777778,0.5752574989159953,0.75,4,0,2,2,4,0,3,3,4,0,1,1
20260314T052424Z_locomo_ollama_mxbai_full_cachecheck,C:\Users\sugam\Documents\research\papers\store-aware-retrieval-evaluation-for-transformed-conversational-memory-stores\eval\results\target_sensitivity\20260314T052424Z_locomo_ollama_mxbai_full_cachecheck,C:\Users\sugam\Documents\research\papers\store-aware-retrieval-evaluation-for-transformed-conversational-memory-stores\eval\results\target_sensitivity\20260314T052424Z_locomo_ollama_mxbai_full_cachecheck\result.json,C:\Users\sugam\Documents\research\papers\store-aware-retrieval-evaluation-for-transformed-conversational-memory-stores\eval\results\target_sensitivity\20260314T052424Z_locomo_ollama_mxbai_full_cachecheck\target_rescore.json,C:\Users\sugam\Documents\research\papers\store-aware-retrieval-evaluation-for-transformed-conversational-memory-stores\eval\results\target_sensitivity\20260314T052424Z_locomo_ollama_mxbai_full_cachecheck\trace.jsonl,native,LoCoMo,LoCoMo,lexical / all-minilm,False,False,True,False,True,exploratory,C:/Users/sugam/Documents/research/papers/store-aware-retrieval-evaluation-for-transformed-conversational-memory-stores/eval/data/locomo10.paperlite.eval.json,C:/Users/sugam/Documents/research/papers/store-aware-retrieval-evaluation-for-transformed-conversational-memory-stores/eval/data/locomo10.paperlite.fixture.json,1533,44,1489,60,60,5,True,True,True,True,0.27881182607975086,0.1863555670919931,0.6515151515151515,0.21888389388389387,0.16926694101666842,0.1951231974417458,0.1833004810000956,0.022727272727272728,0.22638888888888892,44,0,0.022727272727272728,0.5,0.4678030303030303,0.07568035125443963,0.15511863715405919,0.32432432432432434,44,0,0.11363636363636363,0.75,0.6515151515151515,0.1863555670919931,0.27881182607975086,0.6081081081081081,38,6,0.10526315789473684,0.6842105263157895,0.6026315789473684,0.16965655405066368,0.25245931405422145,0.6206896551724138,44,11,4,19,38,16,5,31,38,5,1,17
20260313T072729Z_lexical_full_facts8,C:\Users\sugam\Documents\research\papers\store-aware-retrieval-evaluation-for-transformed-conversational-memory-stores\eval\results\target_sensitivity\20260313T072729Z_lexical_full_facts8,C:\Users\sugam\Documents\research\papers\store-aware-retrieval-evaluation-for-transformed-conversational-memory-stores\eval\results\target_sensitivity\20260313T072729Z_lexical_full_facts8\result.json,C:\Users\sugam\Documents\research\papers\store-aware-retrieval-evaluation-for-transformed-conversational-memory-stores\eval\results\target_sensitivity\20260313T072729Z_lexical_full_facts8\target_rescore.json,C:\Users\sugam\Documents\research\papers\store-aware-retrieval-evaluation-for-transformed-conversational-memory-stores\eval\results\target_sensitivity\20260313T072729Z_lexical_full_facts8\trace.jsonl,native,LoCoMo,LoCoMo,lexical / all-minilm,False,False,True,False,False,native_full_primary,research/data/locomo10.paperlite.eval.json,research/data/locomo10.paperlite.fixture.json,1533,1533,0,60,60,8,True,True,True,True,0.29559090512561764,0.2092086315315531,0.6989695877622788,0.1282983341438817,0.10255203254659731,0.09924661910875202,0.09096008234996322,0.012393998695368558,0.12116754240700892,1533,0,0.014350945857795172,0.6647097195042401,0.6016048625213561,0.0765089649482416,0.1800616310173592,0.4776310183212612,1533,0,0.12850619699934768,0.7834311806914547,0.6989695877622788,0.2092086315315531,0.2955909051256176,0.6067319982956967,942,591,0.18577494692144372,0.7653927813163482,0.7088803859504496,0.2661315678478557,0.3472388826037068,0.6764705882352942,1533,182,175,535,942,263,196,802,942,81,21,429
20260313T080007Z_ollama_full_warm_facts1,C:\Users\sugam\Documents\research\papers\store-aware-retrieval-evaluation-for-transformed-conversational-memory-stores\eval\results\target_sensitivity\20260313T080007Z_ollama_full_warm_facts1,C:\Users\sugam\Documents\research\papers\store-aware-retrieval-evaluation-for-transformed-conversational-memory-stores\eval\results\target_sensitivity\20260313T080007Z_ollama_full_warm_facts1\result.json,C:\Users\sugam\Documents\research\papers\store-aware-retrieval-evaluation-for-transformed-conversational-memory-stores\eval\results\target_sensitivity\20260313T080007Z_ollama_full_warm_facts1\target_rescore.json,C:\Users\sugam\Documents\research\papers\store-aware-retrieval-evaluation-for-transformed-conversational-memory-stores\eval\results\target_sensitivity\20260313T080007Z_ollama_full_warm_facts1\trace.jsonl,native,LoCoMo,LoCoMo,ollama / all-minilm,False,False,True,False,False,native_full_primary,research/data/locomo10.paperlite.eval.json,research/data/locomo10.paperlite.fixture.json,1533,1533,0,60,60,1,True,True,True,True,0.289774147713299,0.1930113361661295,0.736602009224743,0.12935526600895525,0.10383397564345877,0.09698346426190758,0.08514460126056014,0.010437051532941943,0.12184145865562057,1533,0,0.001304631441617743,0.7579908675799086,0.6865303607624258,0.06187111547046627,0.18605135525566646,0.5841499786962079,1533,0,0.1141552511415525,0.8127853881278538,0.736602009224743,0.1930113361661295,0.289774147713299,0.6467831273966766,453,1080,0.3818984547461369,0.9139072847682119,0.8960264900662253,0.5184491847349514,0.5960392361914799,0.8752362948960303,1533,84,173,412,453,95,173,425,453,11,0,164
20260313T053200Z_ollama_full_warm,C:\Users\sugam\Documents\research\papers\store-aware-retrieval-evaluation-for-transformed-conversational-memory-stores\eval\results\target_sensitivity\20260313T053200Z_ollama_full_warm,C:\Users\sugam\Documents\research\papers\store-aware-retrieval-evaluation-for-transformed-conversational-memory-stores\eval\results\target_sensitivity\20260313T053200Z_ollama_full_warm\result.json,C:\Users\sugam\Documents\research\papers\store-aware-retrieval-evaluation-for-transformed-conversational-memory-stores\eval\results\target_sensitivity\20260313T053200Z_ollama_full_warm\target_rescore.json,C:\Users\sugam\Documents\research\papers\store-aware-retrieval-evaluation-for-transformed-conversational-memory-stores\eval\results\target_sensitivity\20260313T053200Z_ollama_full_warm\trace.jsonl,native,LoCoMo,LoCoMo,ollama / all-minilm,True,False,True,False,False,native_full_primary,research/data/locomo10.paperlite.eval.json,research/data/locomo10.paperlite.fixture.json,1533,1533,0,60,60,5,True,True,True,True,0.31996713213474565,0.22865210327688704,0.7407988131711727,0.1308866911971065,0.10500418784916542,0.10375712518694402,0.09108637662559729,0.0136986301369863,0.12499381362091917,1533,0,0.01304631441617743,0.7123287671232876,0.6499971088768326,0.0848805097636786,0.19797959771765886,0.5274818917767362,1533,0,0.14220482713633398,0.8180039138943248,0.7407988131711727,0.22865210327688704,0.31996713213474565,0.6501917341286749,899,634,0.22024471635150167,0.8120133481646273,0.7621416279925733,0.30337869263298073,0.3874720787036303,0.7290969899665551,1533,162,198,541,899,226,217,794,899,64,19,425
20260313T085204Z_ollama_full_warm_facts8,C:\Users\sugam\Documents\research\papers\store-aware-retrieval-evaluation-for-transformed-conversational-memory-stores\eval\results\target_sensitivity\20260313T085204Z_ollama_full_warm_facts8,C:\Users\sugam\Documents\research\papers\store-aware-retrieval-evaluation-for-transformed-conversational-memory-stores\eval\results\target_sensitivity\20260313T085204Z_ollama_full_warm_facts8\result.json,C:\Users\sugam\Documents\research\papers\store-aware-retrieval-evaluation-for-transformed-conversational-memory-stores\eval\results\target_sensitivity\20260313T085204Z_ollama_full_warm_facts8\target_rescore.json,C:\Users\sugam\Documents\research\papers\store-aware-retrieval-evaluation-for-transformed-conversational-memory-stores\eval\results\target_sensitivity\20260313T085204Z_ollama_full_warm_facts8\trace.jsonl,native,LoCoMo,LoCoMo,ollama / all-minilm,False,False,True,False,False,native_full_primary,research/data/locomo10.paperlite.eval.json,research/data/locomo10.paperlite.fixture.json,1533,1533,0,60,60,8,True,True,True,True,0.32570891854477596,0.23416648944943352,0.7444663724804047,0.13017053351390984,0.10442436771884812,0.10637630945920386,0.09165297435075838,0.0136986301369863,0.12395849621242713,1533,0,0.014350945857795172,0.7110241356816699,0.6503558825232775,0.08846046444335082,0.20129019771841664,0.5274818917767362,1533,0,0.14677103718199608,0.8199608610567515,0.7444663724804047,0.23416648944943352,0.32570891854477596,0.6531742650191734,942,591,0.21549893842887474,0.807855626326964,0.7590110408581747,0.29484683413254564,0.3798629876510584,0.7225755166931638,1533,167,203,552,942,241,224,835,942,74,21,451
20260314T044224Z_locomo_ollama_bge_m3_full,C:\Users\sugam\Documents\research\papers\store-aware-retrieval-evaluation-for-transformed-conversational-memory-stores\eval\results\target_sensitivity\20260314T044224Z_locomo_ollama_bge_m3_full,C:\Users\sugam\Documents\research\papers\store-aware-retrieval-evaluation-for-transformed-conversational-memory-stores\eval\results\target_sensitivity\20260314T044224Z_locomo_ollama_bge_m3_full\result.json,C:\Users\sugam\Documents\research\papers\store-aware-retrieval-evaluation-for-transformed-conversational-memory-stores\eval\results\target_sensitivity\20260314T044224Z_locomo_ollama_bge_m3_full\target_rescore.json,C:\Users\sugam\Documents\research\papers\store-aware-retrieval-evaluation-for-transformed-conversational-memory-stores\eval\results\target_sensitivity\20260314T044224Z_locomo_ollama_bge_m3_full\trace.jsonl,native,LoCoMo,LoCoMo,ollama / bge-m3,True,False,True,False,False,native_full_primary,C:/Users/sugam/Documents/research/papers/store-aware-retrieval-evaluation-for-transformed-conversational-memory-stores/eval/data/locomo10.paperlite.eval.json,C:/Users/sugam/Documents/research/papers/store-aware-retrieval-evaluation-for-transformed-conversational-memory-stores/eval/data/locomo10.paperlite.fixture.json,1533,1510,23,60,60,5,True,True,True,True,0.3393537134682057,0.24308116071377162,0.7629861347244943,0.13103671086540944,0.10517925572099952,0.1049739308529402,0.095215337066755,0.012582781456953643,0.12479049583850188,1510,0,0.03377483443708609,0.747682119205298,0.6801244828021941,0.12465913185831698,0.23976290097033548,0.5675324675324676,1510,0,0.14437086092715232,0.8364238410596027,0.7629861347244943,0.24308116071377162,0.3393537134682057,0.6757575757575758,963,547,0.17341640706126688,0.7538940809968847,0.7042674182861096,0.24251695792106248,0.3230902565548398,0.671264367816092,1510,134,167,473,963,259,214,851,963,125,47,532
20260313T025001Z_ollama_full,C:\Users\sugam\Documents\research\papers\store-aware-retrieval-evaluation-for-transformed-conversational-memory-stores\eval\results\target_sensitivity\20260313T025001Z_ollama_full,C:\Users\sugam\Documents\research\papers\store-aware-retrieval-evaluation-for-transformed-conversational-memory-stores\eval\results\target_sensitivity\20260313T025001Z_ollama_full\result.json,C:\Users\sugam\Documents\research\papers\store-aware-retrieval-evaluation-for-transformed-conversational-memory-stores\eval\results\target_sensitivity\20260313T025001Z_ollama_full\target_rescore.json,C:\Users\sugam\Documents\research\papers\store-aware-retrieval-evaluation-for-transformed-conversational-memory-stores\eval\results\target_sensitivity\20260313T025001Z_ollama_full\trace.jsonl,native,LoCoMo,LoCoMo,ollama / mxbai-embed-large,False,False,True,False,False,native_full_primary,research/data/locomo10.paperlite.eval.json,research/data/locomo10.paperlite.fixture.json,1422,1422,0,60,60,5,True,True,True,True,0.31718781537758906,0.22470000398014317,0.7457416178561234,0.1299934444625431,0.10387228543046295,0.09931516197671955,0.08616789804687709,0.012658227848101266,0.12446768763913978,1422,0,0.011954992967651195,0.7187060478199718,0.6557634092181326,0.08285449154916737,0.19728749337004445,0.534372135655362,1422,0,0.13572433192686356,0.8227848101265823,0.7457416178561234,0.22470000398014317,0.31718781537758906,0.653070577451879,840,582,0.20952380952380953,0.8166666666666667,0.768708718530147,0.297046821729693,0.3837349238756917,0.7356115107913669,1422,148,176,509,840,206,192,744,840,58,16,397
20260314T052424Z_locomo_ollama_mxbai_full,C:\Users\sugam\Documents\research\papers\store-aware-retrieval-evaluation-for-transformed-conversational-memory-stores\eval\results\target_sensitivity\20260314T052424Z_locomo_ollama_mxbai_full,C:\Users\sugam\Documents\research\papers\store-aware-retrieval-evaluation-for-transformed-conversational-memory-stores\eval\results\target_sensitivity\20260314T052424Z_locomo_ollama_mxbai_full\result.json,C:\Users\sugam\Documents\research\papers\store-aware-retrieval-evaluation-for-transformed-conversational-memory-stores\eval\results\target_sensitivity\20260314T052424Z_locomo_ollama_mxbai_full\target_rescore.json,C:\Users\sugam\Documents\research\papers\store-aware-retrieval-evaluation-for-transformed-conversational-memory-stores\eval\results\target_sensitivity\20260314T052424Z_locomo_ollama_mxbai_full\trace.jsonl,native,LoCoMo,LoCoMo,ollama / mxbai-embed-large,True,False,True,False,False,native_full_primary,C:/Users/sugam/Documents/research/papers/store-aware-retrieval-evaluation-for-transformed-conversational-memory-stores/eval/data/locomo10.paperlite.eval.json,C:/Users/sugam/Documents/research/papers/store-aware-retrieval-evaluation-for-transformed-conversational-memory-stores/eval/data/locomo10.paperlite.fixture.json,1533,1533,0,60,60,5,True,True,True,True,0.31799552139595766,0.2260817582958169,0.7404545354296349,0.13134179405720334,0.1052456397124757,0.10392100673110928,0.09077558881225926,0.0136986301369863,0.1257365266097351,1533,0,0.012393998695368558,0.7123287671232876,0.6498702697088976,0.08413090116345065,0.19734362969414526,0.5266297400937366,1533,0,0.13633398564905413,0.8180039138943248,0.7404545354296349,0.2260817582958169,0.31799552139595766,0.6489135066041756,899,634,0.21134593993325917,0.8120133481646273,0.7628831926940935,0.29934919298112056,0.3845484418311774,0.7290969899665551,1533,162,190,541,899,226,208,794,899,64,18,425
20260314T062218Z_locomo_ollama_mxbai_full,C:\Users\sugam\Documents\research\papers\store-aware-retrieval-evaluation-for-transformed-conversational-memory-stores\eval\results\target_sensitivity\20260314T062218Z_locomo_ollama_mxbai_full,C:\Users\sugam\Documents\research\papers\store-aware-retrieval-evaluation-for-transformed-conversational-memory-stores\eval\results\target_sensitivity\20260314T062218Z_locomo_ollama_mxbai_full\result.json,C:\Users\sugam\Documents\research\papers\store-aware-retrieval-evaluation-for-transformed-conversational-memory-stores\eval\results\target_sensitivity\20260314T062218Z_locomo_ollama_mxbai_full\target_rescore.json,C:\Users\sugam\Documents\research\papers\store-aware-retrieval-evaluation-for-transformed-conversational-memory-stores\eval\results\target_sensitivity\20260314T062218Z_locomo_ollama_mxbai_full\trace.jsonl,native,LoCoMo,LoCoMo,ollama / mxbai-embed-large,False,False,True,False,False,native_full_primary,C:/Users/sugam/Documents/research/papers/store-aware-retrieval-evaluation-for-transformed-conversational-memory-stores/eval/data/locomo10.paperlite.eval.json,C:/Users/sugam/Documents/research/papers/store-aware-retrieval-evaluation-for-transformed-conversational-memory-stores/eval/data/locomo10.paperlite.fixture.json,1533,1533,0,60,60,5,True,True,True,True,0.319867100941507,0.22852498444037359,0.7411068511504438,0.1314940010587254,0.10530494114164013,0.10548910200811618,0.09052483838873576,0.0136986301369863,0.12594309325465794,1533,0,0.012393998695368558,0.7129810828440966,0.650413866142905,0.08499267451498194,0.1981713069884268,0.5274818917767362,1533,0,0.14024787997390736,0.8186562296151337,0.7411068511504438,0.22852498444037359,0.319867100941507,0.6501917341286749,899,634,0.21802002224694106,0.8131256952169077,0.7638472268060699,0.3026921332694116,0.38699849196106956,0.729933110367893,1533,162,196,541,899,226,214,795,899,64,18,426
20260315T074322Z_zep_auth_smoke,C:\Users\sugam\Documents\research\papers\store-aware-retrieval-evaluation-for-transformed-conversational-memory-stores\eval\results\target_sensitivity_zep\20260315T074322Z_zep_auth_smoke,C:\Users\sugam\Documents\research\papers\store-aware-retrieval-evaluation-for-transformed-conversational-memory-stores\eval\results\target_sensitivity_zep\20260315T074322Z_zep_auth_smoke\result.json,C:\Users\sugam\Documents\research\papers\store-aware-retrieval-evaluation-for-transformed-conversational-memory-stores\eval\results\target_sensitivity_zep\20260315T074322Z_zep_auth_smoke\target_rescore.json,C:\Users\sugam\Documents\research\papers\store-aware-retrieval-evaluation-for-transformed-conversational-memory-stores\eval\results\target_sensitivity_zep\20260315T074322Z_zep_auth_smoke\trace.jsonl,zep,LoCoMo,LoCoMo,zep / transformed,False,False,True,False,True,exploratory,C:\Users\sugam\Documents\research\papers\store-aware-retrieval-evaluation-for-transformed-conversational-memory-stores\eval\data\tmp_locomo_mem0_smoke.eval.json,C:\Users\sugam\Documents\research\papers\store-aware-retrieval-evaluation-for-transformed-conversational-memory-stores\eval\data\tmp_locomo_mem0_smoke.fixture.json,1,0,1,60,60,,True,True,False,False,,,,,,,,,,0,0,,,,,,,0,0,,,,,,,0,0,,,,,,,0,0,0,0,0,0,0,0,0,0,0,0
20260315T074353Z_zep_auth_smoke_v2,C:\Users\sugam\Documents\research\papers\store-aware-retrieval-evaluation-for-transformed-conversational-memory-stores\eval\results\target_sensitivity_zep\20260315T074353Z_zep_auth_smoke_v2,C:\Users\sugam\Documents\research\papers\store-aware-retrieval-evaluation-for-transformed-conversational-memory-stores\eval\results\target_sensitivity_zep\20260315T074353Z_zep_auth_smoke_v2\result.json,C:\Users\sugam\Documents\research\papers\store-aware-retrieval-evaluation-for-transformed-conversational-memory-stores\eval\results\target_sensitivity_zep\20260315T074353Z_zep_auth_smoke_v2\target_rescore.json,C:\Users\sugam\Documents\research\papers\store-aware-retrieval-evaluation-for-transformed-conversational-memory-stores\eval\results\target_sensitivity_zep\20260315T074353Z_zep_auth_smoke_v2\trace.jsonl,zep,LoCoMo,LoCoMo,zep / transformed,False,False,True,False,True,exploratory,C:\Users\sugam\Documents\research\papers\store-aware-retrieval-evaluation-for-transformed-conversational-memory-stores\eval\data\tmp_locomo_mem0_smoke.eval.json,C:\Users\sugam\Documents\research\papers\store-aware-retrieval-evaluation-for-transformed-conversational-memory-stores\eval\data\tmp_locomo_mem0_smoke.fixture.json,1,0,1,60,60,,True,True,False,False,,,,,,,,,,0,0,,,,,,,0,0,,,,,,,0,0,,,,,,,0,0,0,0,0,0,0,0,0,0,0,0
20260315T065555Z_longmemeval_mem0_probe_q1_v2,C:\Users\sugam\Documents\research\papers\store-aware-retrieval-evaluation-for-transformed-conversational-memory-stores\eval\results\target_sensitivity_longmemeval_mem0\20260315T065555Z_longmemeval_mem0_probe_q1_v2,C:\Users\sugam\Documents\research\papers\store-aware-retrieval-evaluation-for-transformed-conversational-memory-stores\eval\results\target_sensitivity_longmemeval_mem0\20260315T065555Z_longmemeval_mem0_probe_q1_v2\result.json,C:\Users\sugam\Documents\research\papers\store-aware-retrieval-evaluation-for-transformed-conversational-memory-stores\eval\results\target_sensitivity_longmemeval_mem0\20260315T065555Z_longmemeval_mem0_probe_q1_v2\target_rescore.json,C:\Users\sugam\Documents\research\papers\store-aware-retrieval-evaluation-for-transformed-conversational-memory-stores\eval\results\target_sensitivity_longmemeval_mem0\20260315T065555Z_longmemeval_mem0_probe_q1_v2\trace.jsonl,mem0,LongMemEval-S,LongMemEval-S,mem0 / append_only,False,False,False,True,True,mini,C:\Users\sugam\Documents\research\papers\store-aware-retrieval-evaluation-for-transformed-conversational-memory-stores\eval\data\longmemeval\longmemeval_s_cleaned.paperlite.noabs.mini1.eval.json,C:\Users\sugam\Documents\research\papers\store-aware-retrieval-evaluation-for-transformed-conversational-memory-stores\eval\data\longmemeval\longmemeval_s_cleaned.paperlite.noabs.mini1.fixture.json,1,1,0,60,60,,True,True,False,False,,,,,,,,,,1,0,1.0,1.0,1.0,1.0,0.7283586691013549,1.0,1,0,1.0,1.0,1.0,1.0,0.7283586691013549,1.0,1,0,0.0,0.0,0.0,0.0,0.0,0.0,1,0,0,0,1,1,1,1,1,1,1,1
20260315T082155Z_longmem_server_smoke_errors,C:\Users\sugam\Documents\research\papers\store-aware-retrieval-evaluation-for-transformed-conversational-memory-stores\eval\results\target_sensitivity_longmemeval_mem0\20260315T082155Z_longmem_server_smoke_errors,C:\Users\sugam\Documents\research\papers\store-aware-retrieval-evaluation-for-transformed-conversational-memory-stores\eval\results\target_sensitivity_longmemeval_mem0\20260315T082155Z_longmem_server_smoke_errors\result.json,C:\Users\sugam\Documents\research\papers\store-aware-retrieval-evaluation-for-transformed-conversational-memory-stores\eval\results\target_sensitivity_longmemeval_mem0\20260315T082155Z_longmem_server_smoke_errors\target_rescore.json,C:\Users\sugam\Documents\research\papers\store-aware-retrieval-evaluation-for-transformed-conversational-memory-stores\eval\results\target_sensitivity_longmemeval_mem0\20260315T082155Z_longmem_server_smoke_errors\trace.jsonl,mem0,LongMemEval-S,LongMemEval-S,mem0 / append_only,False,False,True,False,True,exploratory,C:\Users\sugam\Documents\research\papers\store-aware-retrieval-evaluation-for-transformed-conversational-memory-stores\eval\data\tmp_longmem_server_smoke.eval.json,C:\Users\sugam\Documents\research\papers\store-aware-retrieval-evaluation-for-transformed-conversational-memory-stores\eval\data\tmp_longmem_server_smoke.fixture.json,1,1,0,20,20,,True,True,False,False,,,,,,,,,,1,0,0.0,0.0,0.0,0.0,0.0,0.0,1,0,0.0,1.0,1.0,0.2,0.38685280723454163,1.0,1,0,0.0,1.0,1.0,0.2,0.38685280723454163,1.0,1,1,0,1,1,1,0,1,1,0,0,0
20260315T084706Z_longmem_server_smoke_charsplit_v1,C:\Users\sugam\Documents\research\papers\store-aware-retrieval-evaluation-for-transformed-conversational-memory-stores\eval\results\target_sensitivity_longmemeval_mem0\20260315T084706Z_longmem_server_smoke_charsplit_v1,C:\Users\sugam\Documents\research\papers\store-aware-retrieval-evaluation-for-transformed-conversational-memory-stores\eval\results\target_sensitivity_longmemeval_mem0\20260315T084706Z_longmem_server_smoke_charsplit_v1\result.json,C:\Users\sugam\Documents\research\papers\store-aware-retrieval-evaluation-for-transformed-conversational-memory-stores\eval\results\target_sensitivity_longmemeval_mem0\20260315T084706Z_longmem_server_smoke_charsplit_v1\target_rescore.json,C:\Users\sugam\Documents\research\papers\store-aware-retrieval-evaluation-for-transformed-conversational-memory-stores\eval\results\target_sensitivity_longmemeval_mem0\20260315T084706Z_longmem_server_smoke_charsplit_v1\trace.jsonl,mem0,LongMemEval-S,LongMemEval-S,mem0 / append_only,False,False,True,False,True,exploratory,C:\Users\sugam\Documents\research\papers\store-aware-retrieval-evaluation-for-transformed-conversational-memory-stores\eval\data\tmp_longmem_server_smoke.eval.json,C:\Users\sugam\Documents\research\papers\store-aware-retrieval-evaluation-for-transformed-conversational-memory-stores\eval\data\tmp_longmem_server_smoke.fixture.json,1,1,0,20,20,,True,True,False,False,,,,,,,,,,1,0,0.0,0.0,0.0,0.0,0.0,0.0,1,0,0.0,0.0,0.0,0.0,0.0,0.0,1,0,0.0,0.0,0.0,0.0,0.0,0.0,1,0,0,0,1,0,0,0,1,0,0,0
20260315T084807Z_longmemeval_mem0_probe_q1_serverqdrant_charsplit_v1,C:\Users\sugam\Documents\research\papers\store-aware-retrieval-evaluation-for-transformed-conversational-memory-stores\eval\results\target_sensitivity_longmemeval_mem0\20260315T084807Z_longmemeval_mem0_probe_q1_serverqdrant_charsplit_v1,C:\Users\sugam\Documents\research\papers\store-aware-retrieval-evaluation-for-transformed-conversational-memory-stores\eval\results\target_sensitivity_longmemeval_mem0\20260315T084807Z_longmemeval_mem0_probe_q1_serverqdrant_charsplit_v1\result.json,C:\Users\sugam\Documents\research\papers\store-aware-retrieval-evaluation-for-transformed-conversational-memory-stores\eval\results\target_sensitivity_longmemeval_mem0\20260315T084807Z_longmemeval_mem0_probe_q1_serverqdrant_charsplit_v1\target_rescore.json,C:\Users\sugam\Documents\research\papers\store-aware-retrieval-evaluation-for-transformed-conversational-memory-stores\eval\results\target_sensitivity_longmemeval_mem0\20260315T084807Z_longmemeval_mem0_probe_q1_serverqdrant_charsplit_v1\trace.jsonl,mem0,LongMemEval-S,LongMemEval-S,mem0 / append_only,False,False,False,True,True,mini,C:\Users\sugam\Documents\research\papers\store-aware-retrieval-evaluation-for-transformed-conversational-memory-stores\eval\data\longmemeval\longmemeval_s_cleaned.paperlite.noabs.mini1.eval.json,C:\Users\sugam\Documents\research\papers\store-aware-retrieval-evaluation-for-transformed-conversational-memory-stores\eval\data\longmemeval\longmemeval_s_cleaned.paperlite.noabs.mini1.fixture.json,1,1,0,60,60,,True,True,False,False,,,,,,,,,,1,0,1.0,1.0,0.5,1.0,0.6131471927654584,0.5,1,0,1.0,1.0,0.5,1.0,0.6131471927654584,0.5,1,0,0.0,0.0,0.0,0.0,0.0,0.0,1,0,0,0,1,1,1,1,1,1,1,1
20260315T091954Z_longmemeval_mem0_mini35_serverqdrant_charsplit_w3_detached,C:\Users\sugam\Documents\research\papers\store-aware-retrieval-evaluation-for-transformed-conversational-memory-stores\eval\results\target_sensitivity_longmemeval_mem0\20260315T091954Z_longmemeval_mem0_mini35_serverqdrant_charsplit_w3_detached,C:\Users\sugam\Documents\research\papers\store-aware-retrieval-evaluation-for-transformed-conversational-memory-stores\eval\results\target_sensitivity_longmemeval_mem0\20260315T091954Z_longmemeval_mem0_mini35_serverqdrant_charsplit_w3_detached\result.json,C:\Users\sugam\Documents\research\papers\store-aware-retrieval-evaluation-for-transformed-conversational-memory-stores\eval\results\target_sensitivity_longmemeval_mem0\20260315T091954Z_longmemeval_mem0_mini35_serverqdrant_charsplit_w3_detached\target_rescore.json,C:\Users\sugam\Documents\research\papers\store-aware-retrieval-evaluation-for-transformed-conversational-memory-stores\eval\results\target_sensitivity_longmemeval_mem0\20260315T091954Z_longmemeval_mem0_mini35_serverqdrant_charsplit_w3_detached\trace.jsonl,mem0,LongMemEval-S,LongMemEval-S,mem0 / append_only,False,False,False,True,False,mini,C:\Users\sugam\Documents\research\papers\store-aware-retrieval-evaluation-for-transformed-conversational-memory-stores\eval\data\longmemeval\longmemeval_s_cleaned.paperlite.noabs.mini35.eval.json,C:\Users\sugam\Documents\research\papers\store-aware-retrieval-evaluation-for-transformed-conversational-memory-stores\eval\data\longmemeval\longmemeval_s_cleaned.paperlite.noabs.mini35.fixture.json,35,35,0,60,60,,True,True,False,False,,,,,,,,,,35,0,0.37142857142857144,0.9714285714285714,0.9571428571428572,0.5274675324675324,0.6187835144970784,0.9444444444444444,35,0,0.6,0.9714285714285714,0.9571428571428572,0.6956177156177157,0.7467727817826971,0.9444444444444444,35,0,0.22857142857142856,0.8,0.8,0.34391749588358256,0.4384549978480144,0.7777777777777778,35,0,8,10,35,6,21,34,35,6,13,24
20260316T204426Z_lme_openrouter_mini1_local,C:\Users\sugam\Documents\research\papers\store-aware-retrieval-evaluation-for-transformed-conversational-memory-stores\eval\results\target_sensitivity_longmemeval_mem0_openrouter\20260316T204426Z_lme_openrouter_mini1_local,C:\Users\sugam\Documents\research\papers\store-aware-retrieval-evaluation-for-transformed-conversational-memory-stores\eval\results\target_sensitivity_longmemeval_mem0_openrouter\20260316T204426Z_lme_openrouter_mini1_local\result.json,C:\Users\sugam\Documents\research\papers\store-aware-retrieval-evaluation-for-transformed-conversational-memory-stores\eval\results\target_sensitivity_longmemeval_mem0_openrouter\20260316T204426Z_lme_openrouter_mini1_local\target_rescore.json,C:\Users\sugam\Documents\research\papers\store-aware-retrieval-evaluation-for-transformed-conversational-memory-stores\eval\results\target_sensitivity_longmemeval_mem0_openrouter\20260316T204426Z_lme_openrouter_mini1_local\trace.jsonl,mem0,LongMemEval-S,LongMemEval-S,mem0 / append_only,False,False,False,True,False,mini,C:\Users\sugam\Documents\research\papers\store-aware-retrieval-evaluation-for-transformed-conversational-memory-stores\eval\data\longmemeval\longmemeval_s_cleaned.paperlite.noabs.mini1.eval.json,C:\Users\sugam\Documents\research\papers\store-aware-retrieval-evaluation-for-transformed-conversational-memory-stores\eval\data\longmemeval\longmemeval_s_cleaned.paperlite.noabs.mini1.fixture.json,1,1,0,60,60,,True,True,False,False,,,,,,,,,,1,0,1.0,1.0,1.0,1.0,0.7506416640794557,1.0,1,0,1.0,1.0,1.0,1.0,0.7506416640794557,1.0,1,0,0.0,1.0,1.0,0.02564102564102564,0.11521147633589655,1.0,1,0,0,0,1,0,1,1,1,0,1,1
20260316T205212Z_lme_local_mini1_local,C:\Users\sugam\Documents\research\papers\store-aware-retrieval-evaluation-for-transformed-conversational-memory-stores\eval\results\target_sensitivity_longmemeval_mem0_localmini\20260316T205212Z_lme_local_mini1_local,C:\Users\sugam\Documents\research\papers\store-aware-retrieval-evaluation-for-transformed-conversational-memory-stores\eval\results\target_sensitivity_longmemeval_mem0_localmini\20260316T205212Z_lme_local_mini1_local\result.json,C:\Users\sugam\Documents\research\papers\store-aware-retrieval-evaluation-for-transformed-conversational-memory-stores\eval\results\target_sensitivity_longmemeval_mem0_localmini\20260316T205212Z_lme_local_mini1_local\target_rescore.json,C:\Users\sugam\Documents\research\papers\store-aware-retrieval-evaluation-for-transformed-conversational-memory-stores\eval\results\target_sensitivity_longmemeval_mem0_localmini\20260316T205212Z_lme_local_mini1_local\trace.jsonl,mem0,LongMemEval-S,LongMemEval-S,mem0 / append_only,False,False,False,True,False,mini,C:\Users\sugam\Documents\research\papers\store-aware-retrieval-evaluation-for-transformed-conversational-memory-stores\eval\data\longmemeval\longmemeval_s_cleaned.paperlite.noabs.mini1.eval.json,C:\Users\sugam\Documents\research\papers\store-aware-retrieval-evaluation-for-transformed-conversational-memory-stores\eval\data\longmemeval\longmemeval_s_cleaned.paperlite.noabs.mini1.fixture.json,1,1,0,60,60,,True,True,False,False,,,,,,,,,,1,0,1.0,1.0,0.5,1.0,0.6131471927654584,0.5,1,0,1.0,1.0,0.5,1.0,0.6131471927654584,0.5,1,0,0.0,0.0,0.0,0.0,0.0,0.0,1,0,0,0,1,1,1,1,1,1,1,1
20260316T213038Z_lme_openrouter_mini1_tuned,C:\Users\sugam\Documents\research\papers\store-aware-retrieval-evaluation-for-transformed-conversational-memory-stores\eval\results\target_sensitivity_longmemeval_mem0_openrouter\20260316T213038Z_lme_openrouter_mini1_tuned,C:\Users\sugam\Documents\research\papers\store-aware-retrieval-evaluation-for-transformed-conversational-memory-stores\eval\results\target_sensitivity_longmemeval_mem0_openrouter\20260316T213038Z_lme_openrouter_mini1_tuned\result.json,C:\Users\sugam\Documents\research\papers\store-aware-retrieval-evaluation-for-transformed-conversational-memory-stores\eval\results\target_sensitivity_longmemeval_mem0_openrouter\20260316T213038Z_lme_openrouter_mini1_tuned\target_rescore.json,C:\Users\sugam\Documents\research\papers\store-aware-retrieval-evaluation-for-transformed-conversational-memory-stores\eval\results\target_sensitivity_longmemeval_mem0_openrouter\20260316T213038Z_lme_openrouter_mini1_tuned\trace.jsonl,mem0,LongMemEval-S,LongMemEval-S,mem0 / append_only,False,False,False,True,False,mini,C:\Users\sugam\Documents\research\papers\store-aware-retrieval-evaluation-for-transformed-conversational-memory-stores\eval\data\longmemeval\longmemeval_s_cleaned.paperlite.noabs.mini1.eval.json,C:\Users\sugam\Documents\research\papers\store-aware-retrieval-evaluation-for-transformed-conversational-memory-stores\eval\data\longmemeval\longmemeval_s_cleaned.paperlite.noabs.mini1.fixture.json,1,1,0,60,60,,True,True,False,False,,,,,,,,,,1,0,1.0,1.0,1.0,1.0,0.7550160946314525,1.0,1,0,1.0,1.0,1.0,1.0,0.7550160946314525,1.0,1,0,0.0,0.0,0.0,0.0,0.0,0.0,1,0,0,0,1,1,1,1,1,1,1,1
20260316T213346Z_lme_openrouter_mini10_tuned,C:\Users\sugam\Documents\research\papers\store-aware-retrieval-evaluation-for-transformed-conversational-memory-stores\eval\results\target_sensitivity_longmemeval_mem0_openrouter\20260316T213346Z_lme_openrouter_mini10_tuned,C:\Users\sugam\Documents\research\papers\store-aware-retrieval-evaluation-for-transformed-conversational-memory-stores\eval\results\target_sensitivity_longmemeval_mem0_openrouter\20260316T213346Z_lme_openrouter_mini10_tuned\result.json,C:\Users\sugam\Documents\research\papers\store-aware-retrieval-evaluation-for-transformed-conversational-memory-stores\eval\results\target_sensitivity_longmemeval_mem0_openrouter\20260316T213346Z_lme_openrouter_mini10_tuned\target_rescore.json,C:\Users\sugam\Documents\research\papers\store-aware-retrieval-evaluation-for-transformed-conversational-memory-stores\eval\results\target_sensitivity_longmemeval_mem0_openrouter\20260316T213346Z_lme_openrouter_mini10_tuned\trace.jsonl,mem0,LongMemEval-S,LongMemEval-S,mem0 / append_only,False,False,False,True,False,mini,C:\Users\sugam\Documents\research\papers\store-aware-retrieval-evaluation-for-transformed-conversational-memory-stores\eval\data\longmemeval\longmemeval_s_cleaned.paperlite.noabs.mini10.eval.json,C:\Users\sugam\Documents\research\papers\store-aware-retrieval-evaluation-for-transformed-conversational-memory-stores\eval\data\longmemeval\longmemeval_s_cleaned.paperlite.noabs.mini10.fixture.json,10,10,0,60,60,,True,True,False,False,,,,,,,,,,10,0,0.4,1.0,1.0,0.5938095238095238,0.6659686433818724,1.0,10,0,0.4,1.0,1.0,0.5957575757575758,0.6682671354660039,1.0,10,0,0.0,0.5,0.5,0.04224982381959126,0.13368800540957,0.45454545454545453,10,0,0,1,10,5,4,10,10,5,4,9
20260316T214417Z_lme_openrouter_mini10_balanced,C:\Users\sugam\Documents\research\papers\store-aware-retrieval-evaluation-for-transformed-conversational-memory-stores\eval\results\target_sensitivity_longmemeval_mem0_openrouter\20260316T214417Z_lme_openrouter_mini10_balanced,C:\Users\sugam\Documents\research\papers\store-aware-retrieval-evaluation-for-transformed-conversational-memory-stores\eval\results\target_sensitivity_longmemeval_mem0_openrouter\20260316T214417Z_lme_openrouter_mini10_balanced\result.json,C:\Users\sugam\Documents\research\papers\store-aware-retrieval-evaluation-for-transformed-conversational-memory-stores\eval\results\target_sensitivity_longmemeval_mem0_openrouter\20260316T214417Z_lme_openrouter_mini10_balanced\target_rescore.json,C:\Users\sugam\Documents\research\papers\store-aware-retrieval-evaluation-for-transformed-conversational-memory-stores\eval\results\target_sensitivity_longmemeval_mem0_openrouter\20260316T214417Z_lme_openrouter_mini10_balanced\trace.jsonl,mem0,LongMemEval-S,LongMemEval-S,mem0 / append_only,False,False,False,True,False,mini,C:\Users\sugam\Documents\research\papers\store-aware-retrieval-evaluation-for-transformed-conversational-memory-stores\eval\data\longmemeval\longmemeval_s_cleaned.paperlite.noabs.mini10.eval.json,C:\Users\sugam\Documents\research\papers\store-aware-retrieval-evaluation-for-transformed-conversational-memory-stores\eval\data\longmemeval\longmemeval_s_cleaned.paperlite.noabs.mini10.fixture.json,10,10,0,60,60,,True,True,False,False,,,,,,,,,,10,0,0.1,1.0,1.0,0.423525641025641,0.5511084258864161,1.0,10,0,0.5,1.0,1.0,0.6616666666666667,0.7032097661570236,1.0,10,0,0.4,0.9,0.9,0.4460967491627869,0.498489184583441,0.9090909090909091,10,0,4,5,10,1,5,10,10,1,1,5
20260316T215327Z_lme_openrouter_mini1_mxbai,C:\Users\sugam\Documents\research\papers\store-aware-retrieval-evaluation-for-transformed-conversational-memory-stores\eval\results\target_sensitivity_longmemeval_mem0_openrouter\20260316T215327Z_lme_openrouter_mini1_mxbai,C:\Users\sugam\Documents\research\papers\store-aware-retrieval-evaluation-for-transformed-conversational-memory-stores\eval\results\target_sensitivity_longmemeval_mem0_openrouter\20260316T215327Z_lme_openrouter_mini1_mxbai\result.json,C:\Users\sugam\Documents\research\papers\store-aware-retrieval-evaluation-for-transformed-conversational-memory-stores\eval\results\target_sensitivity_longmemeval_mem0_openrouter\20260316T215327Z_lme_openrouter_mini1_mxbai\target_rescore.json,C:\Users\sugam\Documents\research\papers\store-aware-retrieval-evaluation-for-transformed-conversational-memory-stores\eval\results\target_sensitivity_longmemeval_mem0_openrouter\20260316T215327Z_lme_openrouter_mini1_mxbai\trace.jsonl,mem0,LongMemEval-S,LongMemEval-S,mem0 / append_only,False,False,False,True,False,mini,C:\Users\sugam\Documents\research\papers\store-aware-retrieval-evaluation-for-transformed-conversational-memory-stores\eval\data\longmemeval\longmemeval_s_cleaned.paperlite.noabs.mini1.eval.json,C:\Users\sugam\Documents\research\papers\store-aware-retrieval-evaluation-for-transformed-conversational-memory-stores\eval\data\longmemeval\longmemeval_s_cleaned.paperlite.noabs.mini1.fixture.json,1,1,0,60,60,,True,True,False,False,,,,,,,,,,1,0,0.0,1.0,1.0,0.5,0.5036888708415108,1.0,1,0,1.0,1.0,1.0,1.0,0.6131471927654584,1.0,1,0,1.0,1.0,1.0,1.0,0.6131471927654584,1.0,1,0,1,1,1,0,1,1,1,0,0,0
20260317T141823Z_longmemeval_mem0_sharded_full_phala4,C:\Users\sugam\Documents\research\papers\store-aware-retrieval-evaluation-for-transformed-conversational-memory-stores\eval\results\target_sensitivity_longmemeval_mem0\20260317T141823Z_longmemeval_mem0_sharded_full_phala4,C:\Users\sugam\Documents\research\papers\store-aware-retrieval-evaluation-for-transformed-conversational-memory-stores\eval\results\target_sensitivity_longmemeval_mem0\20260317T141823Z_longmemeval_mem0_sharded_full_phala4\result.json,C:\Users\sugam\Documents\research\papers\store-aware-retrieval-evaluation-for-transformed-conversational-memory-stores\eval\results\target_sensitivity_longmemeval_mem0\20260317T141823Z_longmemeval_mem0_sharded_full_phala4\target_rescore.json,C:\Users\sugam\Documents\research\papers\store-aware-retrieval-evaluation-for-transformed-conversational-memory-stores\eval\results\target_sensitivity_longmemeval_mem0\20260317T141823Z_longmemeval_mem0_sharded_full_phala4\trace.jsonl,mem0,LongMemEval-S,LongMemEval S (Mem0),mem0 / phala + mxbai-embed-large,True,False,True,False,False,transfer_full,C:\Users\sugam\Documents\research\papers\store-aware-retrieval-evaluation-for-transformed-conversational-memory-stores\eval\data\longmemeval\longmemeval_s_cleaned.paperlite.noabs.eval.json,C:\Users\sugam\Documents\research\papers\store-aware-retrieval-evaluation-for-transformed-conversational-memory-stores\eval\data\longmemeval\longmemeval_s_cleaned.paperlite.noabs.fixture.json,470,470,,60,60,,True,True,False,False,,,,,,,,,,470,0,0.2574468085106383,0.9851063829787234,0.9779432624113477,0.45388400552874963,0.5667196347781059,0.9751693002257337,470,0,0.5468085106382978,0.9914893617021276,0.9872340425531914,0.6870895893503337,0.716960225484118,0.9864559819413092,470,0,0.28936170212765955,0.8702127659574468,0.7652836879432624,0.41183290930035615,0.43544629175165056,0.7584650112866818,470,3,136,242,470,60,257,466,470,57,121,381
20260314T060019Z_smoke_mem0_longmemeval_tiny_fast,C:\Users\sugam\Documents\research\papers\store-aware-retrieval-evaluation-for-transformed-conversational-memory-stores\eval\results\target_sensitivity_longmemeval_mem0\20260314T060019Z_smoke_mem0_longmemeval_tiny_fast,C:\Users\sugam\Documents\research\papers\store-aware-retrieval-evaluation-for-transformed-conversational-memory-stores\eval\results\target_sensitivity_longmemeval_mem0\20260314T060019Z_smoke_mem0_longmemeval_tiny_fast\result.json,C:\Users\sugam\Documents\research\papers\store-aware-retrieval-evaluation-for-transformed-conversational-memory-stores\eval\results\target_sensitivity_longmemeval_mem0\20260314T060019Z_smoke_mem0_longmemeval_tiny_fast\target_rescore.json,C:\Users\sugam\Documents\research\papers\store-aware-retrieval-evaluation-for-transformed-conversational-memory-stores\eval\results\target_sensitivity_longmemeval_mem0\20260314T060019Z_smoke_mem0_longmemeval_tiny_fast\trace.jsonl,mem0,LongMemEval-S,LongMemEval-S,mem0 / unknown,False,False,False,True,True,mini,C:\Users\sugam\Documents\research\papers\store-aware-retrieval-evaluation-for-transformed-conversational-memory-stores\eval\data\longmemeval\longmemeval_s_cleaned.paperlite.noabs.mini1.eval.json,C:\Users\sugam\Documents\research\papers\store-aware-retrieval-evaluation-for-transformed-conversational-memory-stores\eval\data\longmemeval\longmemeval_s_cleaned.paperlite.noabs.mini1.fixture.json,1,1,0,20,20,,True,True,False,False,,,,,,,,,,1,0,1.0,1.0,1.0,1.0,1.0,1.0,1,0,1.0,1.0,1.0,1.0,1.0,1.0,0,1,,,,,,,1,0,0,0,0,0,0,0,0,0,0,0
20260315T215224Z_longmemeval_mini35_retry4,C:\Users\sugam\Documents\research\papers\store-aware-retrieval-evaluation-for-transformed-conversational-memory-stores\eval\results\target_sensitivity_longmemeval_memoryos\20260315T215224Z_longmemeval_mini35_retry4,C:\Users\sugam\Documents\research\papers\store-aware-retrieval-evaluation-for-transformed-conversational-memory-stores\eval\results\target_sensitivity_longmemeval_memoryos\20260315T215224Z_longmemeval_mini35_retry4\result.json,C:\Users\sugam\Documents\research\papers\store-aware-retrieval-evaluation-for-transformed-conversational-memory-stores\eval\results\target_sensitivity_longmemeval_memoryos\20260315T215224Z_longmemeval_mini35_retry4\target_rescore.json,C:\Users\sugam\Documents\research\papers\store-aware-retrieval-evaluation-for-transformed-conversational-memory-stores\eval\results\target_sensitivity_longmemeval_memoryos\20260315T215224Z_longmemeval_mini35_retry4\trace.jsonl,memoryos,LongMemEval-S,LongMemEval-S,memoryos / transformed,False,False,False,True,True,mini,C:\Users\sugam\Documents\research\papers\store-aware-retrieval-evaluation-for-transformed-conversational-memory-stores\eval\data\longmemeval\longmemeval_s_cleaned.paperlite.noabs.mini35.eval.json,C:\Users\sugam\Documents\research\papers\store-aware-retrieval-evaluation-for-transformed-conversational-memory-stores\eval\data\longmemeval\longmemeval_s_cleaned.paperlite.noabs.mini35.fixture.json,35,35,0,60,60,,True,True,False,False,,,,,,,,,,35,0,0.4857142857142857,0.9714285714285714,0.9714285714285714,0.5819251158198525,0.6602161207277917,0.9722222222222222,35,0,0.4857142857142857,1.0,1.0,0.7101731601731601,0.7750042850762547,1.0,35,0,0.0,1.0,1.0,0.39441345190113664,0.5346926264251758,1.0,35,1,0,18,35,1,17,35,35,0,17,18
20260316T173945Z_longmemeval_full_followup,C:\Users\sugam\Documents\research\papers\store-aware-retrieval-evaluation-for-transformed-conversational-memory-stores\eval\results\target_sensitivity_longmemeval_memoryos\20260316T173945Z_longmemeval_full_followup,C:\Users\sugam\Documents\research\papers\store-aware-retrieval-evaluation-for-transformed-conversational-memory-stores\eval\results\target_sensitivity_longmemeval_memoryos\20260316T173945Z_longmemeval_full_followup\result.json,C:\Users\sugam\Documents\research\papers\store-aware-retrieval-evaluation-for-transformed-conversational-memory-stores\eval\results\target_sensitivity_longmemeval_memoryos\20260316T173945Z_longmemeval_full_followup\target_rescore.json,C:\Users\sugam\Documents\research\papers\store-aware-retrieval-evaluation-for-transformed-conversational-memory-stores\eval\results\target_sensitivity_longmemeval_memoryos\20260316T173945Z_longmemeval_full_followup\trace.jsonl,memoryos,LongMemEval-S,LongMemEval-S,memoryos / transformed,False,False,True,False,False,transfer_full,C:\Users\sugam\Documents\research\papers\store-aware-retrieval-evaluation-for-transformed-conversational-memory-stores\eval\data\longmemeval\longmemeval_s_cleaned.paperlite.noabs.eval.json,C:\Users\sugam\Documents\research\papers\store-aware-retrieval-evaluation-for-transformed-conversational-memory-stores\eval\data\longmemeval\longmemeval_s_cleaned.paperlite.noabs.fixture.json,470,470,0,60,60,,True,True,False,False,,,,,,,,,,470,0,0.16595744680851063,0.3659574468085106,0.3588652482269504,0.20694796799282325,0.23064766071521803,0.37697516930022573,470,0,0.6638297872340425,0.9957446808510638,0.9946808510638298,0.789418992176528,0.8121105436975273,0.9943566591422122,470,0,0.4978723404255319,0.9936170212765958,0.9893617021276596,0.6815237750528146,0.7297848520542741,0.9887133182844243,470,296,234,407,470,297,312,468,470,1,78,110
20260313T171913Z_longmemeval_s_lexical_smoke80,C:\Users\sugam\Documents\research\papers\store-aware-retrieval-evaluation-for-transformed-conversational-memory-stores\eval\results\target_sensitivity_longmemeval\20260313T171913Z_longmemeval_s_lexical_smoke80,C:\Users\sugam\Documents\research\papers\store-aware-retrieval-evaluation-for-transformed-conversational-memory-stores\eval\results\target_sensitivity_longmemeval\20260313T171913Z_longmemeval_s_lexical_smoke80\result.json,C:\Users\sugam\Documents\research\papers\store-aware-retrieval-evaluation-for-transformed-conversational-memory-stores\eval\results\target_sensitivity_longmemeval\20260313T171913Z_longmemeval_s_lexical_smoke80\target_rescore.json,C:\Users\sugam\Documents\research\papers\store-aware-retrieval-evaluation-for-transformed-conversational-memory-stores\eval\results\target_sensitivity_longmemeval\20260313T171913Z_longmemeval_s_lexical_smoke80\trace.jsonl,native,LongMemEval-S,LongMemEval-S,lexical / all-minilm,False,False,False,True,True,mini,C:\Users\sugam\Documents\research\papers\store-aware-retrieval-evaluation-for-transformed-conversational-memory-stores\eval\data\longmemeval\longmemeval_s_cleaned.paperlite.noabs.mini80.eval.json,C:\Users\sugam\Documents\research\papers\store-aware-retrieval-evaluation-for-transformed-conversational-memory-stores\eval\data\longmemeval\longmemeval_s_cleaned.paperlite.noabs.mini80.fixture.json,74,74,0,60,60,5,True,True,True,True,0.27969070932075624,0.23901009580952026,0.533108108108108,0.051712031258403596,0.0326133914407132,0.04858907941005894,0.017363842006652908,0.0,0.045212859918742264,74,0,0.0,0.3918918918918919,0.3587837837837838,0.02593941451019767,0.08446210341716329,0.37755102040816324,74,0,0.20270270270270271,0.581081081081081,0.533108108108108,0.23901009580952026,0.27969070932075624,0.5306122448979592,44,30,0.3409090909090909,0.6818181818181818,0.6515151515151515,0.39486237223454346,0.44479198171099094,0.64,74,14,15,30,44,19,15,35,44,5,0,15
20260313T172942Z_longmemeval_s_lexical_full,C:\Users\sugam\Documents\research\papers\store-aware-retrieval-evaluation-for-transformed-conversational-memory-stores\eval\results\target_sensitivity_longmemeval\20260313T172942Z_longmemeval_s_lexical_full,C:\Users\sugam\Documents\research\papers\store-aware-retrieval-evaluation-for-transformed-conversational-memory-stores\eval\results\target_sensitivity_longmemeval\20260313T172942Z_longmemeval_s_lexical_full\result.json,C:\Users\sugam\Documents\research\papers\store-aware-retrieval-evaluation-for-transformed-conversational-memory-stores\eval\results\target_sensitivity_longmemeval\20260313T172942Z_longmemeval_s_lexical_full\target_rescore.json,C:\Users\sugam\Documents\research\papers\store-aware-retrieval-evaluation-for-transformed-conversational-memory-stores\eval\results\target_sensitivity_longmemeval\20260313T172942Z_longmemeval_s_lexical_full\trace.jsonl,native,LongMemEval-S,LongMemEval S,lexical / all-minilm,True,False,True,False,False,native_full_primary,C:\Users\sugam\Documents\research\papers\store-aware-retrieval-evaluation-for-transformed-conversational-memory-stores\eval\data\longmemeval\longmemeval_s_cleaned.paperlite.noabs.eval.json,C:\Users\sugam\Documents\research\papers\store-aware-retrieval-evaluation-for-transformed-conversational-memory-stores\eval\data\longmemeval\longmemeval_s_cleaned.paperlite.noabs.fixture.json,470,470,0,60,60,5,True,True,True,True,0.3069292777437627,0.30086848879512695,0.5718794326241134,0.05162721986513806,0.035339292156576545,0.047698091530807674,0.02611809223625246,0.0,0.04650513095627976,470,0,0.0,0.597872340425532,0.48996453900709214,0.0822070771237617,0.15435622856453315,0.4683972911963883,470,0,0.2404255319148936,0.7042553191489361,0.5718794326241134,0.30086848879512695,0.30692927774376266,0.5496613995485328,332,138,0.34036144578313254,0.7801204819277109,0.7106927710843373,0.4210050036631192,0.45575156533609834,0.6864406779661016,470,50,113,259,332,68,113,277,332,18,0,158
parallel_ingest_smoke,C:\Users\sugam\Documents\research\papers\store-aware-retrieval-evaluation-for-transformed-conversational-memory-stores\eval\results\target_sensitivity_longmemeval\parallel_ingest_smoke,C:\Users\sugam\Documents\research\papers\store-aware-retrieval-evaluation-for-transformed-conversational-memory-stores\eval\results\target_sensitivity_longmemeval\parallel_ingest_smoke\result.json,,C:\Users\sugam\Documents\research\papers\store-aware-retrieval-evaluation-for-transformed-conversational-memory-stores\eval\results\target_sensitivity_longmemeval\parallel_ingest_smoke\trace.jsonl,native,LongMemEval-S,LongMemEval-S,lexical / all-minilm,False,False,False,True,True,mini,eval/data/longmemeval/longmemeval_s_cleaned.paperlite.noabs.mini80.eval.json,eval/data/longmemeval/longmemeval_s_cleaned.paperlite.noabs.mini80.fixture.json,10,10,0,20,20,5,False,True,True,True,0.2931959749235439,0.2611111111111111,0.4,0.042577030812324924,0.026666666666666665,0.041955514014337544,0.01580495513652802,0.0,0.02857142857142857,,,,,,,,,,,,,,,,,,,,,,,,,,,,,,,,,,,,
20260313T185031Z_longmemeval_s_ollama_full_guarded_w8_np16,C:\Users\sugam\Documents\research\papers\store-aware-retrieval-evaluation-for-transformed-conversational-memory-stores\eval\results\target_sensitivity_longmemeval\20260313T185031Z_longmemeval_s_ollama_full_guarded_w8_np16,C:\Users\sugam\Documents\research\papers\store-aware-retrieval-evaluation-for-transformed-conversational-memory-stores\eval\results\target_sensitivity_longmemeval\20260313T185031Z_longmemeval_s_ollama_full_guarded_w8_np16\result.json,C:\Users\sugam\Documents\research\papers\store-aware-retrieval-evaluation-for-transformed-conversational-memory-stores\eval\results\target_sensitivity_longmemeval\20260313T185031Z_longmemeval_s_ollama_full_guarded_w8_np16\target_rescore.json,C:\Users\sugam\Documents\research\papers\store-aware-retrieval-evaluation-for-transformed-conversational-memory-stores\eval\results\target_sensitivity_longmemeval\20260313T185031Z_longmemeval_s_ollama_full_guarded_w8_np16\trace.jsonl,native,LongMemEval-S,LongMemEval S,ollama / all-minilm,True,False,True,False,False,native_full_primary,eval/data/longmemeval/longmemeval_s_cleaned.paperlite.noabs.eval.json,eval/data/longmemeval/longmemeval_s_cleaned.paperlite.noabs.fixture.json,470,470,0,60,60,5,True,True,True,True,0.3379556209509768,0.3426449665274346,0.5962765957446808,0.05580089928393035,0.039146480461932164,0.052406766842556386,0.025438645683895318,0.0,0.04967229284727832,470,0,0.0,0.597872340425532,0.47482269503546093,0.09183791864050136,0.15717493720091932,0.4345372460496614,470,0,0.274468085106383,0.7468085106382979,0.5962765957446808,0.3426449665274346,0.33795562095097675,0.5711060948081265,332,138,0.3885542168674699,0.9066265060240963,0.8572791164658635,0.48196553799357494,0.5309163807033515,0.8456659619450317,470,70,129,301,332,78,129,309,332,8,0,158
ollama_probe_mini5_b16_w16_np16,C:\Users\sugam\Documents\research\papers\store-aware-retrieval-evaluation-for-transformed-conversational-memory-stores\eval\results\target_sensitivity_longmemeval\ollama_probe_mini5_b16_w16_np16,C:\Users\sugam\Documents\research\papers\store-aware-retrieval-evaluation-for-transformed-conversational-memory-stores\eval\results\target_sensitivity_longmemeval\ollama_probe_mini5_b16_w16_np16\result.json,,C:\Users\sugam\Documents\research\papers\store-aware-retrieval-evaluation-for-transformed-conversational-memory-stores\eval\results\target_sensitivity_longmemeval\ollama_probe_mini5_b16_w16_np16\trace.jsonl,native,LongMemEval-S,LongMemEval-S,ollama / all-minilm,False,False,False,True,True,mini,eval/data/longmemeval/longmemeval_s_cleaned.paperlite.noabs.mini5.eval.json,eval/data/longmemeval/longmemeval_s_cleaned.paperlite.noabs.mini5.fixture.json,1,1,0,20,20,5,False,True,True,True,1.0,1.0,1.0,0.31578947368421056,0.2,0.4,0.017316017316017316,0.0,0.3529411764705882,,,,,,,,,,,,,,,,,,,,,,,,,,,,,,,,,,,,
ollama_probe_mini5_b64_w8_np16,C:\Users\sugam\Documents\research\papers\store-aware-retrieval-evaluation-for-transformed-conversational-memory-stores\eval\results\target_sensitivity_longmemeval\ollama_probe_mini5_b64_w8_np16,C:\Users\sugam\Documents\research\papers\store-aware-retrieval-evaluation-for-transformed-conversational-memory-stores\eval\results\target_sensitivity_longmemeval\ollama_probe_mini5_b64_w8_np16\result.json,,C:\Users\sugam\Documents\research\papers\store-aware-retrieval-evaluation-for-transformed-conversational-memory-stores\eval\results\target_sensitivity_longmemeval\ollama_probe_mini5_b64_w8_np16\trace.jsonl,native,LongMemEval-S,LongMemEval-S,ollama / all-minilm,False,False,False,True,True,mini,eval/data/longmemeval/longmemeval_s_cleaned.paperlite.noabs.mini5.eval.json,eval/data/longmemeval/longmemeval_s_cleaned.paperlite.noabs.mini5.fixture.json,1,1,0,20,20,5,False,True,True,True,1.0,1.0,1.0,0.31578947368421056,0.2,0.4,0.017316017316017316,0.0,0.3529411764705882,,,,,,,,,,,,,,,,,,,,,,,,,,,,,,,,,,,,
ollama_smoke_mini5_b16_w1,C:\Users\sugam\Documents\research\papers\store-aware-retrieval-evaluation-for-transformed-conversational-memory-stores\eval\results\target_sensitivity_longmemeval\ollama_smoke_mini5_b16_w1,C:\Users\sugam\Documents\research\papers\store-aware-retrieval-evaluation-for-transformed-conversational-memory-stores\eval\results\target_sensitivity_longmemeval\ollama_smoke_mini5_b16_w1\result.json,,C:\Users\sugam\Documents\research\papers\store-aware-retrieval-evaluation-for-transformed-conversational-memory-stores\eval\results\target_sensitivity_longmemeval\ollama_smoke_mini5_b16_w1\trace.jsonl,native,LongMemEval-S,LongMemEval-S,ollama / all-minilm,False,False,False,True,True,mini,eval/data/longmemeval/longmemeval_s_cleaned.paperlite.noabs.mini5.eval.json,eval/data/longmemeval/longmemeval_s_cleaned.paperlite.noabs.mini5.fixture.json,5,5,0,20,20,5,False,True,True,True,0.42262943855309165,0.4666666666666667,0.5,0.136687306501548,0.08285714285714285,0.132361673414305,0.02061296191730974,0.0,0.15058823529411763,,,,,,,,,,,,,,,,,,,,,,,,,,,,,,,,,,,,
ollama_smoke_mini5_b16_w4,C:\Users\sugam\Documents\research\papers\store-aware-retrieval-evaluation-for-transformed-conversational-memory-stores\eval\results\target_sensitivity_longmemeval\ollama_smoke_mini5_b16_w4,C:\Users\sugam\Documents\research\papers\store-aware-retrieval-evaluation-for-transformed-conversational-memory-stores\eval\results\target_sensitivity_longmemeval\ollama_smoke_mini5_b16_w4\result.json,,C:\Users\sugam\Documents\research\papers\store-aware-retrieval-evaluation-for-transformed-conversational-memory-stores\eval\results\target_sensitivity_longmemeval\ollama_smoke_mini5_b16_w4\trace.jsonl,native,LongMemEval-S,LongMemEval-S,ollama / all-minilm,False,False,False,True,True,mini,eval/data/longmemeval/longmemeval_s_cleaned.paperlite.noabs.mini5.eval.json,eval/data/longmemeval/longmemeval_s_cleaned.paperlite.noabs.mini5.fixture.json,5,5,0,20,20,5,False,True,True,True,0.42262943855309165,0.4666666666666667,0.5,0.136687306501548,0.08285714285714285,0.132361673414305,0.02061296191730974,0.0,0.15058823529411763,,,,,,,,,,,,,,,,,,,,,,,,,,,,,,,,,,,,
ollama_smoke_mini5_b16_w4_guarded,C:\Users\sugam\Documents\research\papers\store-aware-retrieval-evaluation-for-transformed-conversational-memory-stores\eval\results\target_sensitivity_longmemeval\ollama_smoke_mini5_b16_w4_guarded,C:\Users\sugam\Documents\research\papers\store-aware-retrieval-evaluation-for-transformed-conversational-memory-stores\eval\results\target_sensitivity_longmemeval\ollama_smoke_mini5_b16_w4_guarded\result.json,,C:\Users\sugam\Documents\research\papers\store-aware-retrieval-evaluation-for-transformed-conversational-memory-stores\eval\results\target_sensitivity_longmemeval\ollama_smoke_mini5_b16_w4_guarded\trace.jsonl,native,LongMemEval-S,LongMemEval-S,ollama / all-minilm,False,False,False,True,True,mini,eval/data/longmemeval/longmemeval_s_cleaned.paperlite.noabs.mini5.eval.json,eval/data/longmemeval/longmemeval_s_cleaned.paperlite.noabs.mini5.fixture.json,5,5,0,20,20,5,False,True,True,True,0.42262943855309165,0.4666666666666667,0.5,0.136687306501548,0.08285714285714285,0.132361673414305,0.02061296191730974,0.0,0.15058823529411763,,,,,,,,,,,,,,,,,,,,,,,,,,,,,,,,,,,,
ollama_smoke_mini5_w4,C:\Users\sugam\Documents\research\papers\store-aware-retrieval-evaluation-for-transformed-conversational-memory-stores\eval\results\target_sensitivity_longmemeval\ollama_smoke_mini5_w4,C:\Users\sugam\Documents\research\papers\store-aware-retrieval-evaluation-for-transformed-conversational-memory-stores\eval\results\target_sensitivity_longmemeval\ollama_smoke_mini5_w4\result.json,,C:\Users\sugam\Documents\research\papers\store-aware-retrieval-evaluation-for-transformed-conversational-memory-stores\eval\results\target_sensitivity_longmemeval\ollama_smoke_mini5_w4\trace.jsonl,native,LongMemEval-S,LongMemEval-S,ollama / all-minilm,False,False,False,True,True,mini,eval/data/longmemeval/longmemeval_s_cleaned.paperlite.noabs.mini5.eval.json,eval/data/longmemeval/longmemeval_s_cleaned.paperlite.noabs.mini5.fixture.json,5,5,0,20,20,5,False,True,True,True,0.42262943855309165,0.4666666666666667,0.5,0.136687306501548,0.08285714285714285,0.132361673414305,0.02061296191730974,0.0,0.15058823529411763,,,,,,,,,,,,,,,,,,,,,,,,,,,,,,,,,,,,
ollama_smoke_mini80_b16_w4_guarded,C:\Users\sugam\Documents\research\papers\store-aware-retrieval-evaluation-for-transformed-conversational-memory-stores\eval\results\target_sensitivity_longmemeval\ollama_smoke_mini80_b16_w4_guarded,C:\Users\sugam\Documents\research\papers\store-aware-retrieval-evaluation-for-transformed-conversational-memory-stores\eval\results\target_sensitivity_longmemeval\ollama_smoke_mini80_b16_w4_guarded\result.json,,C:\Users\sugam\Documents\research\papers\store-aware-retrieval-evaluation-for-transformed-conversational-memory-stores\eval\results\target_sensitivity_longmemeval\ollama_smoke_mini80_b16_w4_guarded\trace.jsonl,native,LongMemEval-S,LongMemEval-S,ollama / all-minilm,False,False,False,True,True,mini,eval/data/longmemeval/longmemeval_s_cleaned.paperlite.noabs.mini80.eval.json,eval/data/longmemeval/longmemeval_s_cleaned.paperlite.noabs.mini80.fixture.json,10,10,0,20,20,5,False,True,True,True,0.2886852807234542,0.2533333333333333,0.4,0.042577030812324924,0.026666666666666665,0.049197371256194784,0.014908237603606645,0.0,0.02857142857142857,,,,,,,,,,,,,,,,,,,,,,,,,,,,,,,,,,,,
20260314T013728Z_longmemeval_s_ollama_bge_m3_full,C:\Users\sugam\Documents\research\papers\store-aware-retrieval-evaluation-for-transformed-conversational-memory-stores\eval\results\target_sensitivity_longmemeval\20260314T013728Z_longmemeval_s_ollama_bge_m3_full,C:\Users\sugam\Documents\research\papers\store-aware-retrieval-evaluation-for-transformed-conversational-memory-stores\eval\results\target_sensitivity_longmemeval\20260314T013728Z_longmemeval_s_ollama_bge_m3_full\result.json,C:\Users\sugam\Documents\research\papers\store-aware-retrieval-evaluation-for-transformed-conversational-memory-stores\eval\results\target_sensitivity_longmemeval\20260314T013728Z_longmemeval_s_ollama_bge_m3_full\target_rescore.json,C:\Users\sugam\Documents\research\papers\store-aware-retrieval-evaluation-for-transformed-conversational-memory-stores\eval\results\target_sensitivity_longmemeval\20260314T013728Z_longmemeval_s_ollama_bge_m3_full\trace.jsonl,native,LongMemEval-S,LongMemEval S,ollama / bge-m3,True,False,True,False,False,native_full_primary,C:/Users/sugam/Documents/research/papers/store-aware-retrieval-evaluation-for-transformed-conversational-memory-stores/eval/data/longmemeval/longmemeval_s_cleaned.paperlite.noabs.eval.json,C:/Users/sugam/Documents/research/papers/store-aware-retrieval-evaluation-for-transformed-conversational-memory-stores/eval/data/longmemeval/longmemeval_s_cleaned.paperlite.noabs.fixture.json,470,439,31,60,60,5,True,True,True,True,0.3329734772490522,0.32628683309471673,0.6175018982536068,0.05284452207050791,0.03643235908625619,0.056164184841678774,0.027095914481839838,0.0,0.0464636505526351,439,0,0.0,0.6195899772209568,0.5037965072133637,0.08158870488330221,0.15519951282645775,0.47348951911220716,439,0,0.255125284738041,0.7608200455580866,0.6175018982536068,0.32628683309471673,0.3329734772490522,0.6017262638717632,299,140,0.3745819397993311,0.9230769230769231,0.881716833890747,0.4749564250199899,0.5325859267325865,0.8764845605700713,439,62,112,276,299,67,112,281,299,5,0,144
20260314T201109Z_longmemeval_s_ollama_mxbai_full,C:\Users\sugam\Documents\research\papers\store-aware-retrieval-evaluation-for-transformed-conversational-memory-stores\eval\results\target_sensitivity_longmemeval\20260314T201109Z_longmemeval_s_ollama_mxbai_full,C:\Users\sugam\Documents\research\papers\store-aware-retrieval-evaluation-for-transformed-conversational-memory-stores\eval\results\target_sensitivity_longmemeval\20260314T201109Z_longmemeval_s_ollama_mxbai_full\result.resume_full.json,C:\Users\sugam\Documents\research\papers\store-aware-retrieval-evaluation-for-transformed-conversational-memory-stores\eval\results\target_sensitivity_longmemeval\20260314T201109Z_longmemeval_s_ollama_mxbai_full\target_rescore.resume_full.json,C:\Users\sugam\Documents\research\papers\store-aware-retrieval-evaluation-for-transformed-conversational-memory-stores\eval\results\target_sensitivity_longmemeval\20260314T201109Z_longmemeval_s_ollama_mxbai_full\trace.resume_full.jsonl,native,LongMemEval-S,LongMemEval S,ollama / mxbai-embed-large,True,False,True,False,False,native_full_primary,.\eval\data\longmemeval\longmemeval_s_cleaned.paperlite.noabs.eval.json,.\eval\data\longmemeval\longmemeval_s_cleaned.paperlite.noabs.fixture.json,470,470,0,60,60,5,True,True,True,True,0.36117898636870216,0.39264053471649424,0.5315602836879432,0.05793189343195111,0.0400183249829993,0.05594056978173784,0.024859615787671343,0.0,0.051378849640470084,470,0,0.0,0.41914893617021276,0.32673758865248226,0.0960712173561844,0.13377191454171503,0.29909706546275394,470,0,0.32340425531914896,0.6957446808510638,0.5315602836879432,0.39264053471649424,0.36117898636870216,0.518058690744921,332,138,0.4578313253012048,0.9367469879518072,0.9062248995983936,0.5548300632100469,0.6014896920850208,0.9006342494714588,470,130,152,311,332,131,152,312,332,1,0,154
